original,wind_speed,wind_dir,unit,timestamp_str,timestamp_obj
METAR VOGA 181330Z 34004KT 3000 HZ NSC 29/18 Q1012 NOSIG,4,340,KT,181330,2025-12-18 13:30:00.000000
METAR VAAU 181400Z 00000KT 3000 HZ NSC 20/12 Q1018 NOSIG,0,0,KT,181400,2025-12-18 14:00:00.000000
METAR VOGA 181430Z 08004KT 3000 HZ NSC 29/15 Q1014 NOSIG,4,80,KT,181430,2025-12-18 14:30:00.000000
METAR VOGA 181500Z 07008KT 3000 HZ NSC 27/13 Q1014 NOSIG,8,70,KT,181500,2025-12-18 15:00:00.000000
METAR VOGA 181530Z 02003KT 3000 HZ NSC 24/18 Q1014 NOSIG,3,20,KT,181530,2025-12-18 15:30:00.000000
METAR VOGA 181600Z 04004KT 3000 HZ NSC 24/17 Q1014 NOSIG,4,40,KT,181600,2025-12-18 16:00:00.000000
METAR VAJL 181630Z 16003KT 6000 NSC 13/07 Q1018,3,160,KT,181630,2025-12-18 16:30:00.000000
METAR VASD 181700Z 35001KT 3000 FU NSC 18/04 Q1019 NOSIG,1,350,KT,181700,2025-12-18 17:00:00.000000
METAR VOGA 181700Z 33002KT 3000 HZ NSC 23/14 Q1015 NOSIG,2,330,KT,181700,2025-12-18 17:00:00.000000
METAR VASD 181730Z 33001KT 3000 FU NSC 17/04 Q1019 NOSIG,1,330,KT,181730,2025-12-18 17:30:00.000000
METAR VASD 181730Z 33001KT 3000 FU NSC 17/04 Q1019 NOSIG,1,330,KT,181730,2025-12-18 17:30:00.000000
METAR VOGA 181800Z 35004KT 3000 HZ NSC 21/13 Q1014 NOSIG,4,350,KT,181800,2025-12-18 18:00:00.000000
METAR VOGA 181830Z 34004KT 3000 HZ NSC 22/12 Q1014 NOSIG,4,340,KT,181830,2025-12-18 18:30:00.000000
METAR VOGA 181900Z 35004KT 3000 HZ NSC 21/12 Q1014 NOSIG,4,350,KT,181900,2025-12-18 19:00:00.000000
METAR VOGA 181930Z 01005KT 3000 HZ NSC 21/11 Q1013 NOSIG,5,10,KT,181930,2025-12-18 19:30:00.000000
METAR VOGA 182000Z 02002KT 3000 HZ NSC 21/11 Q1013 NOSIG,2,20,KT,182000,2025-12-18 20:00:00.000000
METAR VOGA 182030Z 34006KT 3000 HZ NSC 20/11 Q1013 NOSIG,6,340,KT,182030,2025-12-18 20:30:00.000000
METAR VOGA 182100Z 01005KT 3000 HZ NSC 20/11 Q1013 NOSIG,5,10,KT,182100,2025-12-18 21:00:00.000000
METAR VOGA 182130Z 01005KT 3000 HZ NSC 21/11 Q1013 NOSIG,5,10,KT,182130,2025-12-18 21:30:00.000000
METAR VOGA 182200Z 35003KT 3000 HZ NSC 19/11 Q1013 NOSIG,3,350,KT,182200,2025-12-18 22:00:00.000000
METAR VOGA 182230Z 01005KT 3000 HZ NSC 19/11 Q1013 NOSIG,5,10,KT,182230,2025-12-18 22:30:00.000000
METAR VOGA 182300Z 01003KT 3000 HZ NSC 20/10 Q1013 NOSIG,3,10,KT,182300,2025-12-18 23:00:00.000000
METAR VOGA 182330Z 00000KT 3000 HZ NSC 19/10 Q1013 NOSIG,0,0,KT,182330,2025-12-18 23:30:00.000000
METAR VAAU 190000Z 00000KT 3000 BR NSC 12/08 Q1017 NOSIG,0,0,KT,190000,2025-12-19 00:00:00.000000
METAR VOGA 190030Z 06003KT 3000 HZ NSC 21/09 Q1014 NOSIG,3,60,KT,190030,2025-12-19 00:30:00.000000
METAR VOGA 190100Z 35003KT 3000 HZ NSC 20/09 Q1014 NOSIG,3,350,KT,190100,2025-12-19 01:00:00.000000
METAR VOGA 190130Z 35003KT 3000 HZ NSC 20/10 Q1014 NOSIG,3,350,KT,190130,2025-12-19 01:30:00.000000
METAR VOGA 190200Z 34004KT 3000 HZ NSC 20/10 Q1014 NOSIG,4,340,KT,190200,2025-12-19 02:00:00.000000
METAR VAJJ 190230Z 09003KT 3000 FU NSC 22/11 Q1014 NOSIG,3,90,KT,190230,2025-12-19 02:30:00.000000
METAR VAAU 190300Z 00000KT 3000 BR NSC 17/09 Q1019 NOSIG,0,0,KT,190300,2025-12-19 03:00:00.000000
METAR VAJJ 190330Z 08004KT 4000 FU NSC 26/09 Q1015 NOSIG,4,80,KT,190330,2025-12-19 03:30:00.000000
METAR VOSR 190400Z 06005KT 5000 FU SCT100 24/07 Q1015 NOSIG,5,60,KT,190400,2025-12-19 04:00:00.000000
METAR VOGA 190430Z 07012KT 4000 HZ NSC 27/12 Q1014 NOSIG,12,70,KT,190430,2025-12-19 04:30:00.000000
METAR VOGA 190500Z 04006KT 4000 HZ NSC 27/15 Q1014 NOSIG,6,40,KT,190500,2025-12-19 05:00:00.000000
METAR VASD 190530Z 12004KT 5000 FU NSC 23/03 Q1019 NOSIG,4,120,KT,190530,2025-12-19 05:30:00.000000
METAR VASD 190530Z 12004KT 5000 FU NSC 23/03 Q1019 NOSIG,4,120,KT,190530,2025-12-19 05:30:00.000000
METAR VASD 190600Z 08002KT 5000 FU NSC 24/03 Q1019 NOSIG,2,80,KT,190600,2025-12-19 06:00:00.000000
METAR VASD 190600Z 08002KT 5000 FU NSC 24/03 Q1019 NOSIG,2,80,KT,190600,2025-12-19 06:00:00.000000
METAR VAKP 190630Z 08010KT 6000 NSC 26/02 Q1017 NOSIG,10,80,KT,190630,2025-12-19 06:30:00.000000
METAR VASD 190700Z 10003KT 5000 FU NSC 25/01 Q1017 NOSIG,3,100,KT,190700,2025-12-19 07:00:00.000000
METAR VASD 190700Z 10003KT 5000 FU NSC 25/01 Q1017 NOSIG,3,100,KT,190700,2025-12-19 07:00:00.000000
METAR VASD 190730Z 09002KT 5000 FU NSC 26/02 Q1017 NOSIG,2,90,KT,190730,2025-12-19 07:30:00.000000
METAR VASD 190730Z 09002KT 5000 FU NSC 26/02 Q1017 NOSIG,2,90,KT,190730,2025-12-19 07:30:00.000000
METAR VASD 190800Z 10004KT 5000 FU NSC 26/M02 Q1016 NOSIG,4,100,KT,190800,2025-12-19 08:00:00.000000
METAR VASD 190800Z 10004KT 5000 FU NSC 26/M02 Q1016 NOSIG,4,100,KT,190800,2025-12-19 08:00:00.000000
METAR VASD 190830Z 05004KT 5000 FU NSC 27/00 Q1015 NOSIG,4,50,KT,190830,2025-12-19 08:30:00.000000
METAR VASD 190830Z 05004KT 5000 FU NSC 27/00 Q1015 NOSIG,4,50,KT,190830,2025-12-19 08:30:00.000000
METAR VASD 190900Z 04003KT 5000 FU NSC 27/00 Q1015 NOSIG,3,40,KT,190900,2025-12-19 09:00:00.000000
METAR VASD 190900Z 04003KT 5000 FU NSC 27/00 Q1015 NOSIG,3,40,KT,190900,2025-12-19 09:00:00.000000
METAR VASD 190930Z 02003KT 5000 FU NSC 28/00 Q1014 NOSIG,3,20,KT,190930,2025-12-19 09:30:00.000000
METAR VASD 190930Z 02003KT 5000 FU NSC 28/00 Q1014 NOSIG,3,20,KT,190930,2025-12-19 09:30:00.000000
METAR VASD 191000Z 04003KT 5000 FU NSC 28/00 Q1014 NOSIG,3,40,KT,191000,2025-12-19 10:00:00.000000
METAR VASD 191000Z 04003KT 5000 FU NSC 28/00 Q1014 NOSIG,3,40,KT,191000,2025-12-19 10:00:00.000000
METAR VASD 191030Z 02004KT 5000 FU NSC 28/00 Q1014 NOSIG,4,20,KT,191030,2025-12-19 10:30:00.000000
METAR VASD 191030Z 02004KT 5000 FU NSC 28/00 Q1014 NOSIG,4,20,KT,191030,2025-12-19 10:30:00.000000
METAR VASD 191100Z 03004KT 5000 FU NSC 28/00 Q1014 NOSIG,4,30,KT,191100,2025-12-19 11:00:00.000000
METAR VASD 191100Z 03004KT 5000 FU NSC 28/00 Q1014 NOSIG,4,30,KT,191100,2025-12-19 11:00:00.000000
METAR VASD 191130Z 03002KT 6000 NSC 27/01 Q1014 NOSIG,2,30,KT,191130,2025-12-19 11:30:00.000000
METAR VAJJ 191130Z 30005KT 5000 FU NSC 28/16 Q1010 NOSIG,5,300,KT,191130,2025-12-19 11:30:00.000000
METAR VASD 191200Z VRB02KT 6000 NSC 26/02 Q1014 NOSIG,2,0,KT,191200,2025-12-19 12:00:00.000000
METAR VASD 191200Z VRB02KT 6000 NSC 26/02 Q1014 NOSIG,2,0,KT,191200,2025-12-19 12:00:00.000000
METAR VASD 191230Z 01003KT 5000 FU NSC 24/03 Q1014 NOSIG,3,10,KT,191230,2025-12-19 12:30:00.000000
METAR VASD 191230Z 01003KT 5000 FU NSC 24/03 Q1014 NOSIG,3,10,KT,191230,2025-12-19 12:30:00.000000
METAR VOND 191300Z 04001KT 4000 HZ NSC 24/04 Q1014 NOSIG,1,40,KT,191300,2025-12-19 13:00:00.000000
METAR VASD 191300Z 36004KT 4000 FU NSC 22/02 Q1015 NOSIG,4,360,KT,191300,2025-12-19 13:00:00.000000
METAR VASD 191330Z 36004KT 4000 FU NSC 21/02 Q1015 NOSIG,4,360,KT,191330,2025-12-19 13:30:00.000000
METAR VASD 191330Z 36004KT 4000 FU NSC 21/02 Q1015 NOSIG,4,360,KT,191330,2025-12-19 13:30:00.000000
METAR VASD 191400Z 34004KT 4000 FU NSC 20/02 Q1016 NOSIG,4,340,KT,191400,2025-12-19 14:00:00.000000
METAR VASD 191400Z 34004KT 4000 FU NSC 20/02 Q1016 NOSIG,4,340,KT,191400,2025-12-19 14:00:00.000000
METAR VASD 191430Z 35005KT 4000 FU NSC 19/02 Q1016 NOSIG,5,350,KT,191430,2025-12-19 14:30:00.000000
METAR VASD 191430Z 35005KT 4000 FU NSC 19/02 Q1016 NOSIG,5,350,KT,191430,2025-12-19 14:30:00.000000
METAR VASD 191500Z 35003KT 4000 FU NSC 18/03 Q1016 NOSIG,3,350,KT,191500,2025-12-19 15:00:00.000000
METAR VASD 191500Z 35003KT 4000 FU NSC 18/03 Q1016 NOSIG,3,350,KT,191500,2025-12-19 15:00:00.000000
METAR VASD 191530Z 34004KT 4000 FU NSC 18/02 Q1016 NOSIG,4,340,KT,191530,2025-12-19 15:30:00.000000
METAR VASD 191530Z 34004KT 4000 FU NSC 18/02 Q1016 NOSIG,4,340,KT,191530,2025-12-19 15:30:00.000000
METAR VASD 191600Z 34003KT 4000 FU NSC 18/02 Q1017 NOSIG,3,340,KT,191600,2025-12-19 16:00:00.000000
METAR VASD 191600Z 34003KT 4000 FU NSC 18/02 Q1017 NOSIG,3,340,KT,191600,2025-12-19 16:00:00.000000
METAR VASD 191630Z 35004KT 4000 FU NSC 17/02 Q1017 NOSIG,4,350,KT,191630,2025-12-19 16:30:00.000000
METAR VASD 191630Z 35004KT 4000 FU NSC 17/02 Q1017 NOSIG,4,350,KT,191630,2025-12-19 16:30:00.000000
METAR VASD 191700Z 36003KT 3000 FU NSC 17/02 Q1017 NOSIG,3,360,KT,191700,2025-12-19 17:00:00.000000
METAR VASD 191700Z 36003KT 3000 FU NSC 17/02 Q1017 NOSIG,3,360,KT,191700,2025-12-19 17:00:00.000000
METAR VASD 191730Z 35002KT 3000 FU NSC 16/01 Q1017 NOSIG,2,350,KT,191730,2025-12-19 17:30:00.000000
METAR VASD 191730Z 35002KT 3000 FU NSC 16/01 Q1017 NOSIG,2,350,KT,191730,2025-12-19 17:30:00.000000
METAR VOGA 191800Z 08004KT 3000 HZ SCT080 24/13 Q1013 NOSIG,4,80,KT,191800,2025-12-19 18:00:00.000000
METAR VOGA 191830Z 00000KT 3000 HZ SCT080 20/15 Q1013 NOSIG,0,0,KT,191830,2025-12-19 18:30:00.000000
METAR VOGA 191900Z 01003KT 3000 HZ SCT080 20/15 Q1013 NOSIG,3,10,KT,191900,2025-12-19 19:00:00.000000
METAR VOGA 191930Z 01004KT 3000 HZ SCT080 21/14 Q1012 NOSIG,4,10,KT,191930,2025-12-19 19:30:00.000000
METAR VOGA 192000Z 07004KT 3000 HZ SCT080 23/10 Q1012 NOSIG,4,70,KT,192000,2025-12-19 20:00:00.000000
METAR VOGA 192030Z 07007KT 3000 HZ SCT080 25/08 Q1012 NOSIG,7,70,KT,192030,2025-12-19 20:30:00.000000
METAR VOGA 192100Z 07006KT 3000 HZ SCT080 24/08 Q1012 NOSIG,6,70,KT,192100,2025-12-19 21:00:00.000000
METAR VOGA 192130Z 01003KT 3000 HZ SCT080 20/12 Q1011 NOSIG,3,10,KT,192130,2025-12-19 21:30:00.000000
METAR VOGA 192157Z 36004KT 3000 HZ SCT080 20/12 Q1011 NOSIG,4,360,KT,192157,2025-12-19 21:57:00.000000
METAR VOGA 192230Z 35004KT 3000 HZ SCT080 19/11 Q1011 NOSIG,4,350,KT,192230,2025-12-19 22:30:00.000000
METAR VOGA 192300Z 03002KT 3000 HZ SCT080 22/03 Q1011 NOSIG,2,30,KT,192300,2025-12-19 23:00:00.000000
METAR VOGA 192330Z 33002KT 3000 HZ SCT080 17/11 Q1011 NOSIG,2,330,KT,192330,2025-12-19 23:30:00.000000
METAR VAAU 200000Z 00000KT 4000 HZ NSC 12/08 Q1015 NOSIG,0,0,KT,200000,2025-12-20 00:00:00.000000
METAR VOGA 200030Z 03002KT 3000 HZ SCT080 20/11 Q1011 NOSIG,2,30,KT,200030,2025-12-20 00:30:00.000000
METAR VAAU 200100Z 00000KT 3000 BR NSC 11/08 Q1015 NOSIG,0,0,KT,200100,2025-12-20 01:00:00.000000
METAR VAAU 200130Z 00000KT 3000 BR NSC 11/08 Q1015 NOSIG,0,0,KT,200130,2025-12-20 01:30:00.000000
METAR VAJJ 200200Z 07003KT 3000 FU NSC 20/09 Q1013 NOSIG,3,70,KT,200200,2025-12-20 02:00:00.000000
METAR VOSR 200230Z 06007KT 5000 FU NSC 18/09 Q1012 NOSIG,7,60,KT,200230,2025-12-20 02:30:00.000000
METAR VOGA 200300Z 06005KT 5000 HZ FEW080 26/08 Q1013 NOSIG,5,60,KT,200300,2025-12-20 03:00:00.000000
METAR VAAU 200330Z 00000KT 4000 HZ NSC 20/10 Q1017 NOSIG,0,0,KT,200330,2025-12-20 03:30:00.000000
METAR VAJJ 200400Z 06008KT 4000 FU NSC 26/06 Q1013 NOSIG,8,60,KT,200400,2025-12-20 04:00:00.000000
METAR VAKP 200430Z 05005KT 4000 FU NSC 21/04 Q1017 NOSIG,5,50,KT,200430,2025-12-20 04:30:00.000000
METAR VASD 200500Z 06003KT 4000 FU NSC 23/03 Q1018 NOSIG,3,60,KT,200500,2025-12-20 05:00:00.000000
METAR VASD 200500Z 06003KT 4000 FU NSC 23/03 Q1018 NOSIG,3,60,KT,200500,2025-12-20 05:00:00.000000
METAR VASD 200530Z 03004KT 4000 FU NSC 23/04 Q1017 NOSIG,4,30,KT,200530,2025-12-20 05:30:00.000000
METAR VOGA 200530Z 32002KT 5000 HZ FEW030 SCT080 31/10 Q1012 NOSIG,2,320,KT,200530,2025-12-20 05:30:00.000000
METAR VASD 200600Z 04005KT 5000 FU NSC 24/02 Q1017 NOSIG,5,40,KT,200600,2025-12-20 06:00:00.000000
METAR VOGA 200600Z 31003KT 5000 HZ FEW030 SCT080 31/10 Q1012 NOSIG,3,310,KT,200600,2025-12-20 06:00:00.000000
METAR VASD 200630Z 02004KT 5000 FU NSC 24/01 Q1016 NOSIG,4,20,KT,200630,2025-12-20 06:30:00.000000
METAR VASD 200630Z 02004KT 5000 FU NSC 24/01 Q1016 NOSIG,4,20,KT,200630,2025-12-20 06:30:00.000000
METAR VAKP 200700Z 07009KT 6000 NSC 26/02 Q1015 NOSIG,9,70,KT,200700,2025-12-20 07:00:00.000000
METAR VASD 200700Z 01003KT 5000 FU NSC 25/01 Q1016 NOSIG,3,10,KT,200700,2025-12-20 07:00:00.000000
METAR VASD 200730Z 01004KT 5000 FU NSC 25/01 Q1015 NOSIG,4,10,KT,200730,2025-12-20 07:30:00.000000
METAR VASD 200730Z 01004KT 5000 FU NSC 25/01 Q1015 NOSIG,4,10,KT,200730,2025-12-20 07:30:00.000000
METAR VASD 200800Z 03005KT 5000 FU NSC 26/00 Q1014 NOSIG,5,30,KT,200800,2025-12-20 08:00:00.000000
METAR VASD 200800Z 03005KT 5000 FU NSC 26/00 Q1014 NOSIG,5,30,KT,200800,2025-12-20 08:00:00.000000
METAR VASD 200830Z 03005KT 5000 FU FEW030 27/00 Q1014 NOSIG,5,30,KT,200830,2025-12-20 08:30:00.000000
METAR VASD 200830Z 03005KT 5000 FU FEW030 27/00 Q1014 NOSIG,5,30,KT,200830,2025-12-20 08:30:00.000000
METAR VASD 200900Z 05006KT 5000 FU FEW025 27/M01 Q1013 NOSIG,6,50,KT,200900,2025-12-20 09:00:00.000000
METAR VASL 200900Z 03007KT 6000 NSC 33/09 Q1012 NOSIG,7,30,KT,200900,2025-12-20 09:00:00.000000
METAR VASD 200930Z 06008KT 5000 FU FEW025 27/M03 Q1013 NOSIG,8,60,KT,200930,2025-12-20 09:30:00.000000
METAR VASD 200930Z 06008KT 5000 FU FEW025 27/M03 Q1013 NOSIG,8,60,KT,200930,2025-12-20 09:30:00.000000
METAR VASD 201000Z 05007KT 5000 FU FEW025 28/M02 Q1012 NOSIG,7,50,KT,201000,2025-12-20 10:00:00.000000
METAR VOGA 201000Z 25010KT 6000 NSC 31/13 Q1009 NOSIG,10,250,KT,201000,2025-12-20 10:00:00.000000
METAR VASD 201030Z 07007KT 6000 28/M03 Q1012 NOSIG,7,70,KT,201030,2025-12-20 10:30:00.000000
METAR VASD 201030Z 07007KT 6000 28/M03 Q1012 NOSIG,7,70,KT,201030,2025-12-20 10:30:00.000000
METAR VASD 201100Z 06005KT 6000 27/M02 Q1013 NOSIG,5,60,KT,201100,2025-12-20 11:00:00.000000
METAR VASD 201100Z 06005KT 6000 27/M02 Q1013 NOSIG,5,60,KT,201100,2025-12-20 11:00:00.000000
METAR VASD 201130Z 09006KT 6000 27/M01 Q1013 NOSIG,6,90,KT,201130,2025-12-20 11:30:00.000000
METAR VASD 201130Z 09006KT 6000 27/M01 Q1013 NOSIG,6,90,KT,201130,2025-12-20 11:30:00.000000
METAR VASD 201200Z 09004KT 6000 26/M01 Q1013 NOSIG,4,90,KT,201200,2025-12-20 12:00:00.000000
METAR VASD 201200Z 09004KT 6000 26/M01 Q1013 NOSIG,4,90,KT,201200,2025-12-20 12:00:00.000000
METAR VASD 201230Z 09003KT 5000 FU 25/M01 Q1014 NOSIG,3,90,KT,201230,2025-12-20 12:30:00.000000
METAR VASD 201230Z 09003KT 5000 FU 25/M01 Q1014 NOSIG,3,90,KT,201230,2025-12-20 12:30:00.000000
METAR VASD 201300Z COR 01005KT 5000 FU NSC 22/01 Q1014 NOSIG,5,10,KT,201300,2025-12-20 13:00:00.000000
METAR VASD 201300Z COR 01005KT 5000 FU NSC 22/01 Q1014 NOSIG,5,10,KT,201300,2025-12-20 13:00:00.000000
METAR VASD 201330Z 03004KT 4000 FU NSC 22/01 Q1014 NOSIG,4,30,KT,201330,2025-12-20 13:30:00.000000
METAR VASD 201330Z 03004KT 4000 FU NSC 22/01 Q1014 NOSIG,4,30,KT,201330,2025-12-20 13:30:00.000000
METAR VASD 201400Z 06004KT 4000 FU NSC 21/02 Q1014 NOSIG,4,60,KT,201400,2025-12-20 14:00:00.000000
METAR VASD 201400Z 06004KT 4000 FU NSC 21/02 Q1014 NOSIG,4,60,KT,201400,2025-12-20 14:00:00.000000
METAR VASD 201430Z 36004KT 3000 FU NSC 19/02 Q1015 NOSIG,4,360,KT,201430,2025-12-20 14:30:00.000000
METAR VOGA 201430Z 35004KT 4000 HZ NSC 27/15 Q1011 NOSIG,4,350,KT,201430,2025-12-20 14:30:00.000000
METAR VASD 201500Z 36004KT 3000 FU NSC 19/02 Q1016 NOSIG,4,360,KT,201500,2025-12-20 15:00:00.000000
METAR VASD 201500Z 36004KT 3000 FU NSC 19/02 Q1016 NOSIG,4,360,KT,201500,2025-12-20 15:00:00.000000
METAR VASD 201530Z 01004KT 3000 FU NSC 18/02 Q1016 NOSIG,4,10,KT,201530,2025-12-20 15:30:00.000000
METAR VAAU 201530Z 00000KT 4000 HZ NSC 17/10 Q1016 NOSIG,0,0,KT,201530,2025-12-20 15:30:00.000000
METAR VASD 201600Z 01002KT 3000 FU NSC 18/03 Q1016 NOSIG,2,10,KT,201600,2025-12-20 16:00:00.000000
METAR VASD 201600Z 01002KT 3000 FU NSC 18/03 Q1016 NOSIG,2,10,KT,201600,2025-12-20 16:00:00.000000
METAR VASD 201630Z 00000KT 3000 FU NSC 17/03 Q1016 NOSIG,0,0,KT,201630,2025-12-20 16:30:00.000000
METAR VOGA 201630Z 09002KT 3500 HZ NSC 24/14 Q1013 NOSIG,2,90,KT,201630,2025-12-20 16:30:00.000000
METAR VASD 201700Z 10003KT 3000 FU NSC 18/02 Q1016 NOSIG,3,100,KT,201700,2025-12-20 17:00:00.000000
METAR VOGA 201700Z 00000KT 3500 HZ NSC 25/15 Q1013 NOSIG,0,0,KT,201700,2025-12-20 17:00:00.000000
METAR VOGA 201730Z 12002KT 3500 HZ NSC 25/15 Q1013 NOSIG,2,120,KT,201730,2025-12-20 17:30:00.000000
METAR VOGA 201800Z 14003KT 3500 HZ NSC 24/15 Q1013 NOSIG,3,140,KT,201800,2025-12-20 18:00:00.000000
METAR VOGA 201830Z 14004KT 3500 HZ NSC 22/14 Q1012 NOSIG,4,140,KT,201830,2025-12-20 18:30:00.000000
METAR VOGA 201900Z 09002KT 3500 HZ NSC 22/13 Q1012 NOSIG,2,90,KT,201900,2025-12-20 19:00:00.000000
METAR VOGA 201930Z 09005KT 3500 HZ NSC 21/15 Q1012 NOSIG,5,90,KT,201930,2025-12-20 19:30:00.000000
METAR VOGA 202000Z 12003KT 3500 HZ NSC 23/14 Q1012 NOSIG,3,120,KT,202000,2025-12-20 20:00:00.000000
METAR VOGA 202030Z 02004KT 3500 HZ NSC 20/14 Q1012 NOSIG,4,20,KT,202030,2025-12-20 20:30:00.000000
METAR VOGA 202100Z 01003KT 3500 HZ NSC 19/14 Q1012 NOSIG,3,10,KT,202100,2025-12-20 21:00:00.000000
METAR VOGA 202130Z 01004KT 3500 HZ NSC 19/14 Q1011 NOSIG,4,10,KT,202130,2025-12-20 21:30:00.000000
METAR VOGA 202200Z 01003KT 3500 HZ NSC 19/13 Q1011 NOSIG,3,10,KT,202200,2025-12-20 22:00:00.000000
METAR VOGA 202230Z 06004KT 3000 HZ NSC 23/09 Q1011 NOSIG,4,60,KT,202230,2025-12-20 22:30:00.000000
METAR VOGA 202300Z 01004KT 3000 HZ NSC 22/09 Q1011 NOSIG,4,10,KT,202300,2025-12-20 23:00:00.000000
METAR VOGA 202330Z 01002KT 3000 HZ NSC 22/10 Q1011 NOSIG,2,10,KT,202330,2025-12-20 23:30:00.000000
METAR VOGA 210000Z 06005KT 3000 HZ NSC 23/09 Q1011 NOSIG,5,60,KT,210000,2025-12-21 00:00:00.000000
METAR VOGA 210030Z 06005KT 3000 HZ NSC 23/09 Q1011 NOSIG,5,60,KT,210030,2025-12-21 00:30:00.000000
METAR VAAU 210100Z 00000KT 3000 HZ NSC 12/08 Q1016 NOSIG,0,0,KT,210100,2025-12-21 01:00:00.000000
METAR VAAU 210130Z 00000KT 3000 HZ NSC 11/07 Q1016 NOSIG,0,0,KT,210130,2025-12-21 01:30:00.000000
METAR VOGA 210200Z 06009KT 3000 HZ NSC 21/12 Q1012 NOSIG,9,60,KT,210200,2025-12-21 02:00:00.000000
METAR VOGA 210230Z 06009KT 3000 HZ NSC 22/12 Q1013 NOSIG,9,60,KT,210230,2025-12-21 02:30:00.000000
METAR VOGA 210300Z 07007KT 4000 HZ NSC 23/12 Q1013 NOSIG,7,70,KT,210300,2025-12-21 03:00:00.000000
METAR VOGA 210330Z 07008KT 4000 HZ NSC 24/12 Q1014 NOSIG,8,70,KT,210330,2025-12-21 03:30:00.000000
METAR VAAU 210400Z 09002KT 2500 HZ NSC 21/06 Q1018 NOSIG,2,90,KT,210400,2025-12-21 04:00:00.000000
METAR VAAU 210430Z 09002KT 3000 HZ FEW100 22/06 Q1018 NOSIG,2,90,KT,210430,2025-12-21 04:30:00.000000
METAR VOGA 210500Z 13006KT 4000 HZ NSC 26/13 Q1014 NOSIG,6,130,KT,210500,2025-12-21 05:00:00.000000
METAR VOGA 210530Z 13006KT 4000 HZ NSC 26/14 Q1014 NOSIG,6,130,KT,210530,2025-12-21 05:30:00.000000
METAR VOGA 210600Z 13007KT 4000 HZ NSC 27/15 Q1013 NOSIG,7,130,KT,210600,2025-12-21 06:00:00.000000
METAR VASD 210630Z 10005KT 2000 FU BKN025 BKN070 22/04 Q1017 NOSIG,5,100,KT,210630,2025-12-21 06:30:00.000000
METAR VASD 210630Z 10005KT 2000 FU BKN025 BKN070 22/04 Q1017 NOSIG,5,100,KT,210630,2025-12-21 06:30:00.000000
METAR VASD 210700Z 10004KT 2000 FU BKN025 BKN070 23/04 Q1017 NOSIG,4,100,KT,210700,2025-12-21 07:00:00.000000
METAR VASD 210700Z 10004KT 2000 FU BKN025 BKN070 23/04 Q1017 NOSIG,4,100,KT,210700,2025-12-21 07:00:00.000000
METAR VASD 210730Z 10006KT 2500 FU BKN025 BKN070 24/03 Q1016 NOSIG,6,100,KT,210730,2025-12-21 07:30:00.000000
METAR VASD 210730Z 10006KT 2500 FU BKN025 BKN070 24/03 Q1016 NOSIG,6,100,KT,210730,2025-12-21 07:30:00.000000
METAR VASD 210800Z 10008KT 3000 FU BKN025 BKN070 25/02 Q1015 NOSIG,8,100,KT,210800,2025-12-21 08:00:00.000000
METAR VAJJ 210800Z 05006KT 5000 FU SCT100 31/06 Q1011 NOSIG,6,50,KT,210800,2025-12-21 08:00:00.000000
METAR VASD 210830Z 09006KT 3000 FU BKN025 BKN070 25/03 Q1015 NOSIG,6,90,KT,210830,2025-12-21 08:30:00.000000
METAR VOGA 210830Z 10002KT 5000 HZ NSC 30/15 Q1011 NOSIG,2,100,KT,210830,2025-12-21 08:30:00.000000
METAR VASD 210900Z 11006KT 4000 FU BKN025 BKN070 26/04 Q1015 NOSIG,6,110,KT,210900,2025-12-21 09:00:00.000000
METAR VOGA 210900Z VRB02KT 5000 HZ NSC 30/15 Q1010 NOSIG,2,0,KT,210900,2025-12-21 09:00:00.000000
METAR VASD 210930Z 10004KT 4000 FU BKN025 BKN070 26/03 Q1015 NOSIG,4,100,KT,210930,2025-12-21 09:30:00.000000
METAR VASD 210930Z 10004KT 4000 FU BKN025 BKN070 26/03 Q1015 NOSIG,4,100,KT,210930,2025-12-21 09:30:00.000000
METAR VASD 211000Z 07005KT 4000 FU BKN025 BKN070 26/01 Q1015 NOSIG,5,70,KT,211000,2025-12-21 10:00:00.000000
METAR VASD 211000Z 07005KT 4000 FU BKN025 BKN070 26/01 Q1015 NOSIG,5,70,KT,211000,2025-12-21 10:00:00.000000
METAR VASD 211030Z 13004KT 4000 FU BKN025 BKN070 26/01 Q1015 NOSIG,4,130,KT,211030,2025-12-21 10:30:00.000000
METAR VASD 211030Z 13004KT 4000 FU BKN025 BKN070 26/01 Q1015 NOSIG,4,130,KT,211030,2025-12-21 10:30:00.000000
METAR VASD 211100Z 09007KT 5000 FU FEW025 SCT100 26/02 Q1014 NOSIG,7,90,KT,211100,2025-12-21 11:00:00.000000
METAR VASD 211100Z 09007KT 5000 FU FEW025 SCT100 26/02 Q1014 NOSIG,7,90,KT,211100,2025-12-21 11:00:00.000000
METAR VASD 211130Z 08004KT 5000 FU SCT100 26/03 Q1015 NOSIG,4,80,KT,211130,2025-12-21 11:30:00.000000
METAR VASD 211130Z 08004KT 5000 FU SCT100 26/03 Q1015 NOSIG,4,80,KT,211130,2025-12-21 11:30:00.000000
METAR VOND 211159Z 02002KT 5000 HZ NSC 26/04 Q1014 NOSIG,2,20,KT,211159,2025-12-21 11:59:00.000000
METAR VASD 211200Z 11003KT 5000 FU SCT100 25/04 Q1015 NOSIG,3,110,KT,211200,2025-12-21 12:00:00.000000
METAR VASD 211200Z 11003KT 5000 FU SCT100 25/04 Q1015 NOSIG,3,110,KT,211200,2025-12-21 12:00:00.000000
METAR VASD 211230Z 14003KT 4000 FU SCT100 24/05 Q1015 NOSIG,3,140,KT,211230,2025-12-21 12:30:00.000000
METAR VASD 211230Z 14003KT 4000 FU SCT100 24/05 Q1015 NOSIG,3,140,KT,211230,2025-12-21 12:30:00.000000
METAR VASD 211300Z 14004KT 4000 FU SCT100 23/05 Q1015 NOSIG,4,140,KT,211300,2025-12-21 13:00:00.000000
METAR VASD 211300Z 14004KT 4000 FU SCT100 23/05 Q1015 NOSIG,4,140,KT,211300,2025-12-21 13:00:00.000000
METAR VASD 211330Z 15004KT 3000 FU NSC 22/05 Q1016 NOSIG,4,150,KT,211330,2025-12-21 13:30:00.000000
METAR VASD 211330Z 15004KT 3000 FU NSC 22/05 Q1016 NOSIG,4,150,KT,211330,2025-12-21 13:30:00.000000
METAR VASD 211400Z 15004KT 3000 FU NSC 21/05 Q1016 NOSIG,4,150,KT,211400,2025-12-21 14:00:00.000000
METAR VASD 211400Z 15004KT 3000 FU NSC 21/05 Q1016 NOSIG,4,150,KT,211400,2025-12-21 14:00:00.000000
METAR VOGA 211430Z 33003KT 3000 HZ NSC 27/15 Q1013 NOSIG,3,330,KT,211430,2025-12-21 14:30:00.000000
METAR VASD 211430Z 16003KT 3000 FU NSC 20/05 Q1016 NOSIG,3,160,KT,211430,2025-12-21 14:30:00.000000
METAR VAJL 211500Z 00000KT 6000 FEW100 16/08 Q1015,0,0,KT,211500,2025-12-21 15:00:00.000000
METAR VASD 211500Z 16004KT 3000 FU NSC 20/05 Q1017 NOSIG,4,160,KT,211500,2025-12-21 15:00:00.000000
METAR VASD 211530Z 17004KT 3000 FU NSC 19/05 Q1017 NOSIG,4,170,KT,211530,2025-12-21 15:30:00.000000
METAR VOGA 211530Z 33003KT 3000 HZ NSC 26/14 Q1014 NOSIG,3,330,KT,211530,2025-12-21 15:30:00.000000
METAR VASD 211600Z 34004KT 3000 FU NSC 16/06 Q1017 NOSIG,4,340,KT,211600,2025-12-21 16:00:00.000000
METAR VAAU 211600Z 00000KT 4000 HZ NSC 16/08 Q1017 NOSIG,0,0,KT,211600,2025-12-21 16:00:00.000000
METAR VASD 211630Z 36003KT 3000 FU NSC 17/06 Q1017 NOSIG,3,360,KT,211630,2025-12-21 16:30:00.000000
METAR VASD 211630Z 36003KT 3000 FU NSC 17/06 Q1017 NOSIG,3,360,KT,211630,2025-12-21 16:30:00.000000
METAR VASD 211700Z 03004KT 3000 FU NSC 17/05 Q1017 NOSIG,4,30,KT,211700,2025-12-21 17:00:00.000000
METAR VASD 211700Z 03004KT 3000 FU NSC 17/05 Q1017 NOSIG,4,30,KT,211700,2025-12-21 17:00:00.000000
METAR VOGA 211730Z 03004KT 3000 HZ NSC 25/14 Q1014 NOSIG,4,30,KT,211730,2025-12-21 17:30:00.000000
METAR VASD 211730Z 05004KT 3000 FU NSC 17/05 Q1017 NOSIG,4,50,KT,211730,2025-12-21 17:30:00.000000
METAR VOGA 211800Z 08003KT 3000 HZ NSC 24/14 Q1014 NOSIG,3,80,KT,211800,2025-12-21 18:00:00.000000
METAR VOGA 211830Z 08002KT 3000 HZ NSC 24/14 Q1014 NOSIG,2,80,KT,211830,2025-12-21 18:30:00.000000
METAR VOGA 211900Z 08002KT 3000 HZ NSC 24/14 Q1013 NOSIG,2,80,KT,211900,2025-12-21 19:00:00.000000
METAR VOGA 211930Z 08003KT 3000 HZ NSC 24/14 Q1013 NOSIG,3,80,KT,211930,2025-12-21 19:30:00.000000
METAR VOGA 212000Z 07003KT 3000 HZ NSC 25/14 Q1013 NOSIG,3,70,KT,212000,2025-12-21 20:00:00.000000
METAR VOGA 212030Z 08003KT 3000 HZ NSC 25/14 Q1013 NOSIG,3,80,KT,212030,2025-12-21 20:30:00.000000
METAR VOGA 212100Z 09002KT 3000 HZ NSC 25/14 Q1013 NOSIG,2,90,KT,212100,2025-12-21 21:00:00.000000
METAR VOGA 212130Z 08003KT 3000 HZ NSC 25/13 Q1013 NOSIG,3,80,KT,212130,2025-12-21 21:30:00.000000
METAR VOGA 212200Z 07004KT 3000 HZ NSC 25/13 Q1012 NOSIG,4,70,KT,212200,2025-12-21 22:00:00.000000
METAR VOGA 212230Z 08003KT 3000 HZ NSC 25/13 Q1012 NOSIG,3,80,KT,212230,2025-12-21 22:30:00.000000
METAR VOGA 212300Z 10004KT 3000 HZ NSC 24/13 Q1012 NOSIG,4,100,KT,212300,2025-12-21 23:00:00.000000
METAR VOGA 212330Z 09009KT 3000 BR NSC 21/15 Q1012 NOSIG,9,90,KT,212330,2025-12-21 23:30:00.000000
METAR VAAU 220000Z 00000KT 3000 HZ NSC 11/07 Q1016 NOSIG,0,0,KT,220000,2025-12-22 00:00:00.000000
METAR VOGA 220030Z 07007KT 3000 HZ NSC 21/16 Q1012 NOSIG,7,70,KT,220030,2025-12-22 00:30:00.000000
METAR VAAU 220100Z 00000KT 3000 BR NSC 11/07 Q1016 NOSIG,0,0,KT,220100,2025-12-22 01:00:00.000000
METAR VOGA 220130Z 08009KT 3000 HZ NSC 21/16 Q1013 NOSIG,9,80,KT,220130,2025-12-22 01:30:00.000000
METAR VOSR 220200Z 05005KT 2000 FG NSC 17/14 Q1013 NOSIG,5,50,KT,220200,2025-12-22 02:00:00.000000
METAR VAAU 220230Z 00000KT 3000 BR NSC 12/08 Q1017 NOSIG,0,0,KT,220230,2025-12-22 02:30:00.000000
METAR VOSR 220300Z 06006KT 4000 HZ NSC 19/13 Q1014 NOSIG,6,60,KT,220300,2025-12-22 03:00:00.000000
METAR VOGA 220330Z 07010KT 3000 HZ NSC 24/17 Q1015 NOSIG,10,70,KT,220330,2025-12-22 03:30:00.000000
METAR VOGA 220400Z 08009KT 3000 HZ NSC 24/18 Q1015 NOSIG,9,80,KT,220400,2025-12-22 04:00:00.000000
METAR VOGA 220430Z 07009KT 3000 HZ NSC 25/18 Q1015 NOSIG,9,70,KT,220430,2025-12-22 04:30:00.000000
METAR VOGA 220500Z 08009KT 3000 HZ NSC 26/18 Q1014 NOSIG,9,80,KT,220500,2025-12-22 05:00:00.000000
METAR VOGA 220530Z 08010KT 3000 HZ NSC 27/19 Q1014 NOSIG,10,80,KT,220530,2025-12-22 05:30:00.000000
METAR VOGA 220600Z 08009KT 3000 HZ NSC 28/19 Q1013 NOSIG,9,80,KT,220600,2025-12-22 06:00:00.000000
METAR VASD 220630Z 11005KT 2500 FU BKN025 24/04 Q1018 NOSIG,5,110,KT,220630,2025-12-22 06:30:00.000000
METAR VASD 220630Z 11005KT 2500 FU BKN025 24/04 Q1018 NOSIG,5,110,KT,220630,2025-12-22 06:30:00.000000
METAR VASD 220700Z 10006KT 2500 FU BKN025 25/04 Q1017 NOSIG,6,100,KT,220700,2025-12-22 07:00:00.000000
METAR VASD 220700Z 10006KT 2500 FU BKN025 25/04 Q1017 NOSIG,6,100,KT,220700,2025-12-22 07:00:00.000000
METAR VASD 220730Z 10006KT 3000 FU BKN025 BKN070 25/03 Q1016 NOSIG,6,100,KT,220730,2025-12-22 07:30:00.000000
METAR VASD 220730Z 10006KT 3000 FU BKN025 BKN070 25/03 Q1016 NOSIG,6,100,KT,220730,2025-12-22 07:30:00.000000
METAR VAJL 220800Z 04007KT 6000 SCT080 29/05 Q1014,7,40,KT,220800,2025-12-22 08:00:00.000000
METAR VASD 220800Z 11007KT 3000 FU BKN025 BKN070 26/02 Q1016 NOSIG,7,110,KT,220800,2025-12-22 08:00:00.000000
METAR VASD 220830Z 09007KT 4000 FU BKN025 BKN070 27/02 Q1015 NOSIG,7,90,KT,220830,2025-12-22 08:30:00.000000
METAR VASD 220830Z 09007KT 4000 FU BKN025 BKN070 27/02 Q1015 NOSIG,7,90,KT,220830,2025-12-22 08:30:00.000000
METAR VASD 220900Z 10009KT 4000 FU BKN025 BKN070 27/01 Q1015 NOSIG,9,100,KT,220900,2025-12-22 09:00:00.000000
METAR VASD 220900Z 10009KT 4000 FU BKN025 BKN070 27/01 Q1015 NOSIG,9,100,KT,220900,2025-12-22 09:00:00.000000
METAR VASD 220930Z 10008KT 5000 FU BKN025 BKN070 27/02 Q1014 NOSIG,8,100,KT,220930,2025-12-22 09:30:00.000000
METAR VASD 220930Z 10008KT 5000 FU BKN025 BKN070 27/02 Q1014 NOSIG,8,100,KT,220930,2025-12-22 09:30:00.000000
METAR VASD 221000Z 08007KT 5000 FU BKN025 BKN070 27/02 Q1014 NOSIG,7,80,KT,221000,2025-12-22 10:00:00.000000
METAR VASD 221000Z 08007KT 5000 FU BKN025 BKN070 27/02 Q1014 NOSIG,7,80,KT,221000,2025-12-22 10:00:00.000000
METAR VASD 221030Z 08006KT 5000 FU BKN025 BKN070 27/03 Q1014 NOSIG,6,80,KT,221030,2025-12-22 10:30:00.000000
METAR VASD 221030Z 08006KT 5000 FU BKN025 BKN070 27/03 Q1014 NOSIG,6,80,KT,221030,2025-12-22 10:30:00.000000
METAR VASD 221100Z 08006KT 5000 FU FEW025 SCT100 27/03 Q1014 NOSIG,6,80,KT,221100,2025-12-22 11:00:00.000000
METAR VASD 221100Z 08006KT 5000 FU FEW025 SCT100 27/03 Q1014 NOSIG,6,80,KT,221100,2025-12-22 11:00:00.000000
METAR VASD 221130Z 06005KT 5000 FU FEW025 SCT100 26/03 Q1014 NOSIG,5,60,KT,221130,2025-12-22 11:30:00.000000
METAR VASD 221130Z 06005KT 5000 FU FEW025 SCT100 26/03 Q1014 NOSIG,5,60,KT,221130,2025-12-22 11:30:00.000000
METAR VASD 221200Z VRB02KT 5000 FU SCT100 26/04 Q1014 NOSIG,2,0,KT,221200,2025-12-22 12:00:00.000000
METAR VASD 221200Z VRB02KT 5000 FU SCT100 26/04 Q1014 NOSIG,2,0,KT,221200,2025-12-22 12:00:00.000000
METAR VASD 221230Z 13002KT 4000 FU NSC 25/04 Q1015 NOSIG,2,130,KT,221230,2025-12-22 12:30:00.000000
METAR VASD 221230Z 13002KT 4000 FU NSC 25/04 Q1015 NOSIG,2,130,KT,221230,2025-12-22 12:30:00.000000
METAR VASD 221300Z 17003KT 4000 FU NSC 23/05 Q1015 NOSIG,3,170,KT,221300,2025-12-22 13:00:00.000000
METAR VASD 221300Z 17003KT 4000 FU NSC 23/05 Q1015 NOSIG,3,170,KT,221300,2025-12-22 13:00:00.000000
METAR VOND 221330Z 01001KT 4000 HZ NSC 23/08 Q1014 NOSIG,1,10,KT,221330,2025-12-22 13:30:00.000000
METAR VASD 221400Z 20003KT 3000 FU NSC 21/05 Q1015 NOSIG,3,200,KT,221400,2025-12-22 14:00:00.000000
METAR VASD 221400Z 20003KT 3000 FU NSC 21/05 Q1015 NOSIG,3,200,KT,221400,2025-12-22 14:00:00.000000
METAR VAAU 221430Z 00000KT 3000 HZ NSC 19/12 Q1016 NOSIG,0,0,KT,221430,2025-12-22 14:30:00.000000
METAR VASD 221500Z 36004KT 3000 FU NSC 18/06 Q1016 NOSIG,4,360,KT,221500,2025-12-22 15:00:00.000000
METAR VASD 221500Z 36004KT 3000 FU NSC 18/06 Q1016 NOSIG,4,360,KT,221500,2025-12-22 15:00:00.000000
METAR VASD 221530Z 02003KT 3000 FU NSC 19/05 Q1016 NOSIG,3,20,KT,221530,2025-12-22 15:30:00.000000
METAR VASD 221530Z 02003KT 3000 FU NSC 19/05 Q1016 NOSIG,3,20,KT,221530,2025-12-22 15:30:00.000000
METAR VASD 221600Z 35003KT 3000 FU NSC 19/05 Q1016 NOSIG,3,350,KT,221600,2025-12-22 16:00:00.000000
METAR VOGA 221600Z 07006KT 3000 HZ NSC 27/14 Q1013 NOSIG,6,70,KT,221600,2025-12-22 16:00:00.000000
METAR VASD 221630Z 01003KT 3000 FU NSC 19/06 Q1017 NOSIG,3,10,KT,221630,2025-12-22 16:30:00.000000
METAR VOGA 221630Z 08006KT 3000 HZ NSC 27/13 Q1013 NOSIG,6,80,KT,221630,2025-12-22 16:30:00.000000
METAR VOGA 221700Z 08007KT 3000 HZ NSC 24/15 Q1012 NOSIG,7,80,KT,221700,2025-12-22 17:00:00.000000
METAR VASD 221700Z 02001KT 3000 FU NSC 18/06 Q1017 NOSIG,1,20,KT,221700,2025-12-22 17:00:00.000000
METAR VASD 221730Z 02002KT 3000 FU NSC 18/06 Q1017 NOSIG,2,20,KT,221730,2025-12-22 17:30:00.000000
METAR VOGA 221730Z 07005KT 3000 HZ NSC 24/14 Q1012 NOSIG,5,70,KT,221730,2025-12-22 17:30:00.000000
METAR VOGA 221800Z 35003KT 3000 HZ NSC 22/14 Q1012 NOSIG,3,350,KT,221800,2025-12-22 18:00:00.000000
METAR VOGA 221830Z 08009KT 3000 HZ NSC 22/14 Q1012 NOSIG,9,80,KT,221830,2025-12-22 18:30:00.000000
METAR VOGA 221900Z 08008KT 3000 HZ NSC 23/14 Q1012 NOSIG,8,80,KT,221900,2025-12-22 19:00:00.000000
METAR VOGA 221930Z 08008KT 3000 HZ NSC 23/14 Q1012 NOSIG,8,80,KT,221930,2025-12-22 19:30:00.000000
METAR VOGA 222000Z 09010KT 3000 HZ NSC 23/15 Q1012 NOSIG,10,90,KT,222000,2025-12-22 20:00:00.000000
METAR VOGA 222030Z 09008KT 3000 HZ NSC 22/15 Q1012 NOSIG,8,90,KT,222030,2025-12-22 20:30:00.000000
METAR VOGA 222100Z 08009KT 3000 HZ NSC 22/14 Q1011 NOSIG,9,80,KT,222100,2025-12-22 21:00:00.000000
METAR VOGA 222130Z 07009KT 3000 HZ NSC 23/15 Q1011 NOSIG,9,70,KT,222130,2025-12-22 21:30:00.000000
METAR VOGA 222200Z 07008KT 3000 HZ NSC 22/15 Q1011 NOSIG,8,70,KT,222200,2025-12-22 22:00:00.000000
METAR VOGA 222230Z 01003KT 3000 HZ NSC 22/14 Q1011 NOSIG,3,10,KT,222230,2025-12-22 22:30:00.000000
METAR VOGA 222300Z 05004KT 3000 HZ NSC 22/14 Q1011 NOSIG,4,50,KT,222300,2025-12-22 23:00:00.000000
METAR VOGA 222330Z 07006KT 3000 HZ NSC 22/14 Q1011 NOSIG,6,70,KT,222330,2025-12-22 23:30:00.000000
METAR VOGA 230000Z 05004KT 3000 HZ NSC 22/14 Q1011 NOSIG,4,50,KT,230000,2025-12-23 00:00:00.000000
METAR VOGA 230030Z 07007KT 3000 HZ NSC 22/14 Q1011 NOSIG,7,70,KT,230030,2025-12-23 00:30:00.000000
METAR VOGA 230100Z 08008KT 3000 HZ NSC 22/14 Q1012 BECMG 4000 HZ,8,80,KT,230100,2025-12-23 01:00:00.000000
METAR VAAU 230130Z 00000KT 3000 HZ NSC 12/10 Q1016 NOSIG,0,0,KT,230130,2025-12-23 01:30:00.000000
METAR VAAU 230200Z 00000KT 3000 HZ NSC 12/10 Q1016 NOSIG,0,0,KT,230200,2025-12-23 02:00:00.000000
METAR VOSR 230230Z 06005KT 3000 BR NSC 17/14 Q1013 NOSIG,5,60,KT,230230,2025-12-23 02:30:00.000000
METAR VOGA 230258Z 09010KT 4000 HZ NSC 23/16 Q1013 NOSIG,10,90,KT,230258,2025-12-23 02:58:00.000000
METAR VOND 230300Z 32001KT 1500 HZ NSC 17/11 Q1017 NOSIG,1,320,KT,230300,2025-12-23 03:00:00.000000
METAR VOND 230330Z 33001KT 1500 HZ NSC 19/10 Q1017 NOSIG,1,330,KT,230330,2025-12-23 03:30:00.000000
METAR VOGA 230400Z 10008KT 4000 HZ NSC 25/17 Q1014 NOSIG,8,100,KT,230400,2025-12-23 04:00:00.000000
METAR VOSR 230430Z 05004KT 5000 FU NSC 25/13 Q1014 NOSIG,4,50,KT,230430,2025-12-23 04:30:00.000000
METAR VOSR 230500Z 06003KT 5000 FU NSC 28/13 Q1014 NOSIG,3,60,KT,230500,2025-12-23 05:00:00.000000
METAR VOGA 230530Z 00003KT 4000 HZ NSC 26/19 Q1014 NOSIG,3,0,KT,230530,2025-12-23 05:30:00.000000
METAR VOSR 230600Z 07003KT 6000 NSC 29/10 Q1013 NOSIG,3,70,KT,230600,2025-12-23 06:00:00.000000
METAR VOSR 230630Z 06006KT 6000 NSC 29/10 Q1013 NOSIG,6,60,KT,230630,2025-12-23 06:30:00.000000
METAR VAJJ 230700Z 09008KT 5000 FU NSC 31/08 Q1012 NOSIG,8,90,KT,230700,2025-12-23 07:00:00.000000
METAR VASL 230730Z 05007KT 7000 NSC 30/13 Q1015 NOSIG,7,50,KT,230730,2025-12-23 07:30:00.000000
METAR VASL 230800Z 07008KT 7000 NSC 31/12 Q1014 NOSIG,8,70,KT,230800,2025-12-23 08:00:00.000000
METAR VASD 230830Z 08004KT 5000 FU SCT025 26/06 Q1015 NOSIG,4,80,KT,230830,2025-12-23 08:30:00.000000
METAR VASL 230830Z 05008KT 7000 NSC 32/12 Q1014 NOSIG,8,50,KT,230830,2025-12-23 08:30:00.000000
METAR VASD 230900Z 02004KT 5000 FU SCT025 26/06 Q1014 NOSIG,4,20,KT,230900,2025-12-23 09:00:00.000000
METAR VASD 230900Z 02004KT 5000 FU SCT025 26/06 Q1014 NOSIG,4,20,KT,230900,2025-12-23 09:00:00.000000
METAR VASD 230930Z 08004KT 5000 FU SCT025 27/05 Q1014 NOSIG,4,80,KT,230930,2025-12-23 09:30:00.000000
METAR VASD 230930Z 08004KT 5000 FU SCT025 27/05 Q1014 NOSIG,4,80,KT,230930,2025-12-23 09:30:00.000000
METAR VASD 231000Z 03005KT 5000 FU SCT025 27/05 Q1014 NOSIG,5,30,KT,231000,2025-12-23 10:00:00.000000
METAR VASD 231000Z 03005KT 5000 FU SCT025 27/05 Q1014 NOSIG,5,30,KT,231000,2025-12-23 10:00:00.000000
METAR VASD 231030Z 09005KT 5000 FU SCT025 27/04 Q1014 NOSIG,5,90,KT,231030,2025-12-23 10:30:00.000000
METAR VASD 231030Z 09005KT 5000 FU SCT025 27/04 Q1014 NOSIG,5,90,KT,231030,2025-12-23 10:30:00.000000
METAR VASD 231100Z 09005KT 6000 SCT100 27/05 Q1014 NOSIG,5,90,KT,231100,2025-12-23 11:00:00.000000
METAR VASD 231100Z 09005KT 6000 SCT100 27/05 Q1014 NOSIG,5,90,KT,231100,2025-12-23 11:00:00.000000
METAR VASD 231130Z 05004KT 6000 NSC 27/05 Q1014 NOSIG,4,50,KT,231130,2025-12-23 11:30:00.000000
METAR VASD 231130Z 05004KT 6000 NSC 27/05 Q1014 NOSIG,4,50,KT,231130,2025-12-23 11:30:00.000000
METAR VASD 231200Z 05003KT 6000 NSC 26/04 Q1014 NOSIG,3,50,KT,231200,2025-12-23 12:00:00.000000
METAR VOND 231200Z 03002KT 6000 NSC 26/05 Q1013 NOSIG,2,30,KT,231200,2025-12-23 12:00:00.000000
METAR VASD 231230Z VRB02KT 5000 FU NSC 27/05 Q1014 NOSIG,2,0,KT,231230,2025-12-23 12:30:00.000000
METAR VASD 231230Z VRB02KT 5000 FU NSC 27/05 Q1014 NOSIG,2,0,KT,231230,2025-12-23 12:30:00.000000
METAR VASD 231300Z 36003KT 5000 FU NSC 23/06 Q1015 NOSIG,3,360,KT,231300,2025-12-23 13:00:00.000000
METAR VASD 231300Z 36003KT 5000 FU NSC 23/06 Q1015 NOSIG,3,360,KT,231300,2025-12-23 13:00:00.000000
METAR VASD 231330Z 01004KT 4000 FU NSC 22/08 Q1015 NOSIG,4,10,KT,231330,2025-12-23 13:30:00.000000
METAR VASD 231330Z 01004KT 4000 FU NSC 22/08 Q1015 NOSIG,4,10,KT,231330,2025-12-23 13:30:00.000000
METAR VASD 231400Z 01005KT 4000 FU NSC 21/08 Q1015 NOSIG,5,10,KT,231400,2025-12-23 14:00:00.000000
METAR VASD 231400Z 01005KT 4000 FU NSC 21/08 Q1015 NOSIG,5,10,KT,231400,2025-12-23 14:00:00.000000
METAR VASD 231430Z 03005KT 3000 FU NSC 20/08 Q1016 NOSIG,5,30,KT,231430,2025-12-23 14:30:00.000000
METAR VASD 231430Z 03005KT 3000 FU NSC 20/08 Q1016 NOSIG,5,30,KT,231430,2025-12-23 14:30:00.000000
METAR VASD 231500Z 01004KT 3000 FU NSC 20/08 Q1016 NOSIG,4,10,KT,231500,2025-12-23 15:00:00.000000
METAR VASD 231500Z 01004KT 3000 FU NSC 20/08 Q1016 NOSIG,4,10,KT,231500,2025-12-23 15:00:00.000000
METAR VASD 231530Z 02003KT 3000 FU NSC 19/07 Q1016 NOSIG,3,20,KT,231530,2025-12-23 15:30:00.000000
METAR VASD 231530Z 02003KT 3000 FU NSC 19/07 Q1016 NOSIG,3,20,KT,231530,2025-12-23 15:30:00.000000
METAR VASD 231600Z 05003KT 3000 FU NSC 19/07 Q1016 NOSIG,3,50,KT,231600,2025-12-23 16:00:00.000000
METAR VASD 231600Z 05003KT 3000 FU NSC 19/07 Q1016 NOSIG,3,50,KT,231600,2025-12-23 16:00:00.000000
METAR VASD 231630Z 09003KT 3000 FU NSC 19/07 Q1016 NOSIG,3,90,KT,231630,2025-12-23 16:30:00.000000
METAR VASD 231630Z 09003KT 3000 FU NSC 19/07 Q1016 NOSIG,3,90,KT,231630,2025-12-23 16:30:00.000000
METAR VASD 231700Z 08003KT 3000 FU NSC 19/07 Q1016 NOSIG,3,80,KT,231700,2025-12-23 17:00:00.000000
METAR VASD 231700Z 08003KT 3000 FU NSC 19/07 Q1016 NOSIG,3,80,KT,231700,2025-12-23 17:00:00.000000
METAR VOGA 231730Z 36003KT 3000 BR NSC 22/19 Q1012 NOSIG,3,360,KT,231730,2025-12-23 17:30:00.000000
METAR VASD 231730Z 07003KT 3000 FU NSC 18/07 Q1016 NOSIG,3,70,KT,231730,2025-12-23 17:30:00.000000
METAR VAAU 231800Z 00000KT 4000 HZ NSC 17/11 Q1016 NOSIG,0,0,KT,231800,2025-12-23 18:00:00.000000
METAR VOGA 231830Z 02004KT 3000 BR NSC 21/18 Q1012 NOSIG,4,20,KT,231830,2025-12-23 18:30:00.000000
METAR VOGA 231900Z 03004KT 3000 BR NSC 21/18 Q1012 NOSIG,4,30,KT,231900,2025-12-23 19:00:00.000000
METAR VOGA 231930Z 01003KT 3000 BR NSC 22/18 Q1011 NOSIG,3,10,KT,231930,2025-12-23 19:30:00.000000
METAR VOGA 232000Z 02003KT 3000 BR NSC 22/17 Q1011 NOSIG,3,20,KT,232000,2025-12-23 20:00:00.000000
METAR VOGA 232030Z 01003KT 3000 BR NSC 21/17 Q1011 NOSIG,3,10,KT,232030,2025-12-23 20:30:00.000000
METAR VOGA 232100Z 00000KT 3000 BR NSC 20/16 Q1011 NOSIG,0,0,KT,232100,2025-12-23 21:00:00.000000
METAR VOGA 232130Z 00000KT 3000 HZ NSC 21/16 Q1010 NOSIG,0,0,KT,232130,2025-12-23 21:30:00.000000
METAR VOGA 232200Z 08005KT 3000 HZ NSC 20/16 Q1010 NOSIG,5,80,KT,232200,2025-12-23 22:00:00.000000
METAR VOGA 232230Z 01003KT 3000 HZ NSC 20/16 Q1010 NOSIG,3,10,KT,232230,2025-12-23 22:30:00.000000
METAR VOGA 232300Z 06002KT 3000 HZ NSC 19/15 Q1011 NOSIG,2,60,KT,232300,2025-12-23 23:00:00.000000
METAR VOGA 232330Z 03004KT 3000 HZ NSC 20/15 Q1011 NOSIG,4,30,KT,232330,2025-12-23 23:30:00.000000
METAR VOGA 240000Z 02005KT 3000 HZ NSC 20/15 Q1011 NOSIG,5,20,KT,240000,2025-12-24 00:00:00.000000
METAR VOGA 240030Z 02005KT 3000 HZ NSC 20/15 Q1011 NOSIG,5,20,KT,240030,2025-12-24 00:30:00.000000
METAR VOGA 240100Z 04008KT 3000 HZ NSC 22/15 Q1012 NOSIG,8,40,KT,240100,2025-12-24 01:00:00.000000
METAR VAAU 240130Z 00000KT 3000 BR NSC 13/10 Q1016 NOSIG,0,0,KT,240130,2025-12-24 01:30:00.000000
METAR VOSR 240200Z 00000KT 3000 BR NSC 17/11 Q1012 NOSIG,0,0,KT,240200,2025-12-24 02:00:00.000000
METAR VAJJ 240230Z 08005KT 3000 FU FEW100 24/11 Q1011 NOSIG,5,80,KT,240230,2025-12-24 02:30:00.000000
METAR VAJJ 240300Z 07006KT 3000 FU FEW100 25/11 Q1013 NOSIG,6,70,KT,240300,2025-12-24 03:00:00.000000
METAR VOGA 240301Z 08008KT 3000 HZ NSC 22/15 Q1014 NOSIG,8,80,KT,240301,2025-12-24 03:01:00.000000
METAR VAAU 240330Z 09002KT 4000 HZ FEW100 21/09 Q1017 NOSIG,2,90,KT,240330,2025-12-24 03:30:00.000000
METAR VOGA 240400Z 08008KT 3000 HZ NSC 25/15 Q1014 BECMG 4000HZ,8,80,KT,240400,2025-12-24 04:00:00.000000
METAR VOGA 240430Z 10009KT 3500 HZ NSC 26/16 Q1014 NOSIG,9,100,KT,240430,2025-12-24 04:30:00.000000
METAR VOGA 240500Z 08007KT 3500 HZ NSC 27/16 Q1014 NOSIG,7,80,KT,240500,2025-12-24 05:00:00.000000
METAR VOGA 240530Z 09010KT 4000 HZ NSC 27/17 Q1014 NOSIG,10,90,KT,240530,2025-12-24 05:30:00.000000
METAR VASD 240600Z 13004KT 4000 FU SCT025 24/07 Q1017 NOSIG,4,130,KT,240600,2025-12-24 06:00:00.000000
METAR VASD 240600Z 13004KT 4000 FU SCT025 24/07 Q1017 NOSIG,4,130,KT,240600,2025-12-24 06:00:00.000000
METAR VASD 240630Z 12005KT 4000 FU SCT025 24/08 Q1017 NOSIG,5,120,KT,240630,2025-12-24 06:30:00.000000
METAR VASD 240630Z 12005KT 4000 FU SCT025 24/08 Q1017 NOSIG,5,120,KT,240630,2025-12-24 06:30:00.000000
METAR VASD 240700Z 11008KT 4000 FU SCT025 24/06 Q1016 NOSIG,8,110,KT,240700,2025-12-24 07:00:00.000000
METAR VASD 240700Z 11008KT 4000 FU SCT025 24/06 Q1016 NOSIG,8,110,KT,240700,2025-12-24 07:00:00.000000
METAR VASD 240730Z 10008KT 4000 FU SCT025 25/06 Q1016 NOSIG,8,100,KT,240730,2025-12-24 07:30:00.000000
METAR VASD 240730Z 10008KT 4000 FU SCT025 25/06 Q1016 NOSIG,8,100,KT,240730,2025-12-24 07:30:00.000000
METAR VASD 240800Z 10007KT 4000 FU SCT025 25/08 Q1015 NOSIG,7,100,KT,240800,2025-12-24 08:00:00.000000
METAR VASD 240800Z 10007KT 4000 FU SCT025 25/08 Q1015 NOSIG,7,100,KT,240800,2025-12-24 08:00:00.000000
METAR VASD 240830Z 12007KT 4000 FU SCT025 25/07 Q1015 NOSIG,7,120,KT,240830,2025-12-24 08:30:00.000000
METAR VASD 240830Z 12007KT 4000 FU SCT025 25/07 Q1015 NOSIG,7,120,KT,240830,2025-12-24 08:30:00.000000
METAR VASD 240900Z 13008KT 4000 FU SCT025 25/06 Q1014 NOSIG,8,130,KT,240900,2025-12-24 09:00:00.000000
METAR VASD 240900Z 13008KT 4000 FU SCT025 25/06 Q1014 NOSIG,8,130,KT,240900,2025-12-24 09:00:00.000000
METAR VASD 240930Z 11006KT 4000 FU SCT025 25/07 Q1014 NOSIG,6,110,KT,240930,2025-12-24 09:30:00.000000
METAR VASD 240930Z 11006KT 4000 FU SCT025 25/07 Q1014 NOSIG,6,110,KT,240930,2025-12-24 09:30:00.000000
METAR VOGA 240959Z 16006KT 3000 FU NSC 30/16 Q1010 NOSIG,6,160,KT,240959,2025-12-24 09:59:00.000000
METAR VASD 241000Z 11005KT 4000 FU SCT025 25/06 Q1014 NOSIG,5,110,KT,241000,2025-12-24 10:00:00.000000
METAR VASD 241000Z 11005KT 4000 FU SCT025 25/06 Q1014 NOSIG,5,110,KT,241000,2025-12-24 10:00:00.000000
METAR VAKP 241030Z 10006KT 7000 NSC 27/07 Q1013 NOSIG,6,100,KT,241030,2025-12-24 10:30:00.000000
METAR VASD 241030Z 11004KT 4000 FU SCT025 SCT070 25/06 Q1014 NOSIG,4,110,KT,241030,2025-12-24 10:30:00.000000
METAR VASD 241100Z 11003KT 5000 FU SCT100 25/06 Q1014 NOSIG,3,110,KT,241100,2025-12-24 11:00:00.000000
METAR VOGA 241100Z 15003KT 3000 FU NSC 33/13 Q1010 NOSIG,3,150,KT,241100,2025-12-24 11:00:00.000000
METAR VASD 241130Z 09005KT 5000 FU SCT100 24/07 Q1014 NOSIG,5,90,KT,241130,2025-12-24 11:30:00.000000
METAR VASL 241130Z 05005KT 6000 NSC 30/10 Q1013 NOSIG,5,50,KT,241130,2025-12-24 11:30:00.000000
METAR VASD 241200Z 05005KT 5000 FU SCT100 24/07 Q1015 NOSIG,5,50,KT,241200,2025-12-24 12:00:00.000000
METAR VAJL 241200Z 08003KT 6000 SCT080 26/04 Q1013,3,80,KT,241200,2025-12-24 12:00:00.000000
METAR VASD 241230Z 06004KT 4000 FU SCT100 23/07 Q1015 NOSIG,4,60,KT,241230,2025-12-24 12:30:00.000000
METAR VOGA 241230Z 28007KT 3000 HZ NSC 29/17 Q1010 NOSIG,7,280,KT,241230,2025-12-24 12:30:00.000000
METAR VASD 241300Z 08003KT 4000 FU NSC 22/07 Q1015 NOSIG,3,80,KT,241300,2025-12-24 13:00:00.000000
METAR VOGA 241300Z 28004KT 3000 HZ NSC 28/18 Q1010 NOSIG,4,280,KT,241300,2025-12-24 13:00:00.000000
METAR VASD 241330Z 15004KT 3000 FU NSC 21/07 Q1015 NOSIG,4,150,KT,241330,2025-12-24 13:30:00.000000
METAR VASD 241330Z 15004KT 3000 FU NSC 21/07 Q1015 NOSIG,4,150,KT,241330,2025-12-24 13:30:00.000000
METAR VASD 241400Z 16004KT 3000 FU NSC 20/08 Q1016 NOSIG,4,160,KT,241400,2025-12-24 14:00:00.000000
METAR VASD 241400Z 16004KT 3000 FU NSC 20/08 Q1016 NOSIG,4,160,KT,241400,2025-12-24 14:00:00.000000
METAR VASD 241430Z 16004KT 3000 FU NSC 19/08 Q1016 NOSIG,4,160,KT,241430,2025-12-24 14:30:00.000000
METAR VASD 241430Z 16004KT 3000 FU NSC 19/08 Q1016 NOSIG,4,160,KT,241430,2025-12-24 14:30:00.000000
METAR VASD 241500Z 17003KT 3000 FU NSC 19/08 Q1016 NOSIG,3,170,KT,241500,2025-12-24 15:00:00.000000
METAR VASD 241500Z 17003KT 3000 FU NSC 19/08 Q1016 NOSIG,3,170,KT,241500,2025-12-24 15:00:00.000000
METAR VASD 241530Z 14002KT 3000 FU NSC 19/07 Q1016 NOSIG,2,140,KT,241530,2025-12-24 15:30:00.000000
METAR VASD 241530Z 14002KT 3000 FU NSC 19/07 Q1016 NOSIG,2,140,KT,241530,2025-12-24 15:30:00.000000
METAR VASD 241600Z 09003KT 3000 FU NSC 20/06 Q1016 NOSIG,3,90,KT,241600,2025-12-24 16:00:00.000000
METAR VASD 241600Z 09003KT 3000 FU NSC 20/06 Q1016 NOSIG,3,90,KT,241600,2025-12-24 16:00:00.000000
METAR VASD 241630Z 09004KT 3000 FU NSC 20/06 Q1016 NOSIG,4,90,KT,241630,2025-12-24 16:30:00.000000
METAR VASD 241630Z 09004KT 3000 FU NSC 20/06 Q1016 NOSIG,4,90,KT,241630,2025-12-24 16:30:00.000000
METAR VASD 241700Z 04003KT 3000 FU NSC 17/08 Q1016 NOSIG,3,40,KT,241700,2025-12-24 17:00:00.000000
METAR VASD 241700Z 04003KT 3000 FU NSC 17/08 Q1016 NOSIG,3,40,KT,241700,2025-12-24 17:00:00.000000
METAR VOGA 241730Z 03003KT 3000 HZ NSC 23/17 Q1012 NOSIG,3,30,KT,241730,2025-12-24 17:30:00.000000
METAR VOGA 241800Z 05003KT 3000 HZ NSC 22/17 Q1012 NOSIG,3,50,KT,241800,2025-12-24 18:00:00.000000
METAR VOGA 241830Z 36003KT 3000 HZ NSC 23/17 Q1012 NOSIG,3,360,KT,241830,2025-12-24 18:30:00.000000
METAR VOGA 241900Z 01003KT 3000 HZ NSC 22/16 Q1012 NOSIG,3,10,KT,241900,2025-12-24 19:00:00.000000
METAR VOGA 241930Z 00000KT 3000 HZ NSC 21/15 Q1012 NOSIG,0,0,KT,241930,2025-12-24 19:30:00.000000
METAR VOGA 242000Z 06006KT 3000 HZ NSC 22/14 Q1012 NOSIG,6,60,KT,242000,2025-12-24 20:00:00.000000
METAR VOGA 242030Z 06008KT 3000 HZ NSC 22/14 Q1012 NOSIG,8,60,KT,242030,2025-12-24 20:30:00.000000
METAR VOGA 242100Z 07009KT 3000 HZ NSC 22/14 Q1011 NOSIG,9,70,KT,242100,2025-12-24 21:00:00.000000
METAR VOGA 242130Z 06008KT 3000 HZ NSC 23/14 Q1011 NOSIG,8,60,KT,242130,2025-12-24 21:30:00.000000
METAR VOGA 242200Z 06007KT 3000 HZ NSC 23/14 Q1011 NOSIG,7,60,KT,242200,2025-12-24 22:00:00.000000
METAR VOGA 242230Z 05005KT 3000 HZ NSC 22/14 Q1011 NOSIG,5,50,KT,242230,2025-12-24 22:30:00.000000
METAR VOGA 242300Z 05005KT 3000 HZ NSC 22/14 Q1011 NOSIG,5,50,KT,242300,2025-12-24 23:00:00.000000
METAR VOGA 242330Z 05005KT 3000 HZ NSC 22/14 Q1011 NOSIG,5,50,KT,242330,2025-12-24 23:30:00.000000
METAR VAAU 250000Z 00000KT 3000 HZ NSC 12/10 Q1015 NOSIG,0,0,KT,250000,2025-12-25 00:00:00.000000
METAR VOGA 250030Z 08006KT 3000 HZ NSC 22/14 Q1012 NOSIG,6,80,KT,250030,2025-12-25 00:30:00.000000
METAR VAAU 250100Z 00000KT 3000 BR NSC 12/10 Q1016 NOSIG,0,0,KT,250100,2025-12-25 01:00:00.000000
METAR VOGA 250130Z 07006KT 3000 HZ NSC 22/14 Q1013 NOSIG,6,70,KT,250130,2025-12-25 01:30:00.000000
METAR VOSR 250200Z 06006KT 2000 BR NSC 16/14 Q1013 NOSIG,6,60,KT,250200,2025-12-25 02:00:00.000000
METAR VAJJ 250230Z 10005KT 4000 FU FEW100 22/14 Q1013 NOSIG,5,100,KT,250230,2025-12-25 02:30:00.000000
METAR VOGA 250300Z 07006KT 3000 HZ NSC 23/14 Q1014 NOSIG,6,70,KT,250300,2025-12-25 03:00:00.000000
METAR VOND 250330Z 01001KT 2000 HZ NSC 19/09 Q1018 NOSIG,1,10,KT,250330,2025-12-25 03:30:00.000000
METAR VOGA 250331Z 09007KT 3000 HZ NSC 24/14 Q1014 NOSIG,7,90,KT,250331,2025-12-25 03:31:00.000000
METAR VAKP 250400Z 13007KT 2500 FU NSC 18/08 Q1018 NOSIG,7,130,KT,250400,2025-12-25 04:00:00.000000
METAR VASL 250430Z 12003KT 4000 HZ NSC 25/15 Q1019 NOSIG,3,120,KT,250430,2025-12-25 04:30:00.000000
METAR VOSR 250500Z 07009KT 6000 NSC 26/13 Q1014 NOSIG,9,70,KT,250500,2025-12-25 05:00:00.000000
METAR VASL 250530Z 11007KT 5000 HZ NSC 26/15 Q1018 NOSIG,7,110,KT,250530,2025-12-25 05:30:00.000000
METAR VOSR 250600Z 08009KT 6000 NSC 27/13 Q1014 NOSIG,9,80,KT,250600,2025-12-25 06:00:00.000000
METAR VOSR 250630Z 06008KT 6000 NSC 28/13 Q1013 NOSIG,8,60,KT,250630,2025-12-25 06:30:00.000000
METAR VOSR 250700Z 09007KT 6000 NSC 30/12 Q1013 NOSIG,7,90,KT,250700,2025-12-25 07:00:00.000000
METAR VOSR 250730Z 06006KT 6000 NSC 30/11 Q1012 NOSIG,6,60,KT,250730,2025-12-25 07:30:00.000000
METAR VOGA 250800Z 01003KT 4000 HZ NSC 30/16 Q1012 NOSIG,3,10,KT,250800,2025-12-25 08:00:00.000000
METAR VASD 250830Z 09004KT 4000 FU NSC 25/05 Q1015 NOSIG,4,90,KT,250830,2025-12-25 08:30:00.000000
METAR VOGA 250830Z 06005KT 4000 HZ NSC 30/15 Q1011 NOSIG,5,60,KT,250830,2025-12-25 08:30:00.000000
METAR VASD 250900Z VRB01KT 4000 FU NSC 26/05 Q1015 NOSIG,1,0,KT,250900,2025-12-25 09:00:00.000000
METAR VASL 250900Z 13005KT 5000 FU NSC 31/14 Q1014 NOSIG,5,130,KT,250900,2025-12-25 09:00:00.000000
METAR VASD 250930Z VRB03KT 4000 FU NSC 25/05 Q1015 NOSIG,3,0,KT,250930,2025-12-25 09:30:00.000000
METAR VASD 250930Z VRB03KT 4000 FU NSC 25/05 Q1015 NOSIG,3,0,KT,250930,2025-12-25 09:30:00.000000
METAR VASD 251000Z 08004KT 4000 FU NSC 26/05 Q1014 NOSIG,4,80,KT,251000,2025-12-25 10:00:00.000000
METAR VAJL 251000Z 04004KT 6000 NSC 28/05 Q1013,4,40,KT,251000,2025-12-25 10:00:00.000000
METAR VASD 251030Z 07002KT 4000 FU NSC 26/05 Q1014 NOSIG,2,70,KT,251030,2025-12-25 10:30:00.000000
METAR VAJL 251030Z 04006KT 6000 NSC 28/05 Q1013,6,40,KT,251030,2025-12-25 10:30:00.000000
METAR VASD 251100Z 09003KT 4000 FU NSC 26/05 Q1014 NOSIG,3,90,KT,251100,2025-12-25 11:00:00.000000
METAR VASD 251100Z 09003KT 4000 FU NSC 26/05 Q1014 NOSIG,3,90,KT,251100,2025-12-25 11:00:00.000000
METAR VASD 251130Z 07002KT 4000 FU NSC 25/05 Q1015 NOSIG,2,70,KT,251130,2025-12-25 11:30:00.000000
METAR VOGA 251130Z 25006KT 4000 HZ NSC 28/18 Q1010 NOSIG,6,250,KT,251130,2025-12-25 11:30:00.000000
METAR VASD 251200Z 05006KT 4000 FU NSC 25/06 Q1015 NOSIG,6,50,KT,251200,2025-12-25 12:00:00.000000
METAR VOGA 251200Z 26006KT 4000 HZ NSC 27/17 Q1011 NOSIG,6,260,KT,251200,2025-12-25 12:00:00.000000
METAR VASD 251230Z 04004KT 3000 FU NSC 23/07 Q1015 NOSIG,4,40,KT,251230,2025-12-25 12:30:00.000000
METAR VASD 251230Z 04004KT 3000 FU NSC 23/07 Q1015 NOSIG,4,40,KT,251230,2025-12-25 12:30:00.000000
METAR VASD 251300Z 07006KT 3000 FU NSC 22/07 Q1015 NOSIG,6,70,KT,251300,2025-12-25 13:00:00.000000
METAR VOGA 251300Z 30006KT 4000 HZ NSC 29/13 Q1011 NOSIG,6,300,KT,251300,2025-12-25 13:00:00.000000
METAR VASD 251330Z 07006KT 3000 FU NSC 21/06 Q1015 NOSIG,6,70,KT,251330,2025-12-25 13:30:00.000000
METAR VASD 251330Z 07006KT 3000 FU NSC 21/06 Q1015 NOSIG,6,70,KT,251330,2025-12-25 13:30:00.000000
METAR VASD 251400Z 05003KT 3000 FU NSC 20/05 Q1016 NOSIG,3,50,KT,251400,2025-12-25 14:00:00.000000
METAR VASD 251400Z 05003KT 3000 FU NSC 20/05 Q1016 NOSIG,3,50,KT,251400,2025-12-25 14:00:00.000000
METAR VASD 251430Z 07004KT 3000 FU NSC 20/05 Q1016 NOSIG,4,70,KT,251430,2025-12-25 14:30:00.000000
METAR VASD 251430Z 07004KT 3000 FU NSC 20/05 Q1016 NOSIG,4,70,KT,251430,2025-12-25 14:30:00.000000
METAR VASD 251500Z 07004KT 3000 FU NSC 20/05 Q1016 NOSIG,4,70,KT,251500,2025-12-25 15:00:00.000000
METAR VASD 251500Z 07004KT 3000 FU NSC 20/05 Q1016 NOSIG,4,70,KT,251500,2025-12-25 15:00:00.000000
METAR VASD 251530Z 10001KT 3000 FU NSC 19/05 Q1016 NOSIG,1,100,KT,251530,2025-12-25 15:30:00.000000
METAR VASD 251530Z 10001KT 3000 FU NSC 19/05 Q1016 NOSIG,1,100,KT,251530,2025-12-25 15:30:00.000000
METAR VASD 251600Z 16002KT 3000 FU NSC 18/05 Q1016 NOSIG,2,160,KT,251600,2025-12-25 16:00:00.000000
METAR VASD 251600Z 16002KT 3000 FU NSC 18/05 Q1016 NOSIG,2,160,KT,251600,2025-12-25 16:00:00.000000
METAR VASD 251630Z 16002KT 3000 FU NSC 19/06 Q1016 NOSIG,2,160,KT,251630,2025-12-25 16:30:00.000000
METAR VASD 251630Z 16002KT 3000 FU NSC 19/06 Q1016 NOSIG,2,160,KT,251630,2025-12-25 16:30:00.000000
METAR VASD 251300Z 07006KT 3000 FU NSC 22/07 Q1015 NOSIG,6,70,KT,251300,2025-12-25 18:35:16.777297
METAR VASD 251300Z 07006KT 3000 FU NSC 22/07 Q1015 NOSIG,6,70,KT,251300,2025-12-25 18:41:38.401070
METAR VASD 251300Z 07006KT 3000 FU NSC 22/07 Q1015 NOSIG,6,70,KT,251300,2025-12-25 18:55:07.205112
METAR VASD 251300Z 07006KT 3000 FU NSC 22/07 Q1015 NOSIG,6,70,KT,251300,2025-12-25 18:56:38.296674
METAR VASD 251300Z 07006KT 3000 FU NSC 22/07 Q1015 NOSIG,6,70,KT,251300,2025-12-25 18:56:58.820461
METAR VASD 251300Z 07006KT 3000 FU NSC 22/07 Q1015 NOSIG,6,70,KT,251300,2025-12-25 18:57:22.412955
METAR VASD 251300Z 07006KT 3000 FU NSC 22/07 Q1015 NOSIG,6,70,KT,251300,2025-12-25 18:58:06.041187
METAR VAJL 251300Z 08002KT 6000 NSC 21/06 Q1014,2,80,KT,251300,2025-12-25 19:03:43.409191
METAR VAAU 251330Z 00000KT 4000 HZ NSC 21/13 Q1016 NOSIG,0,0,KT,251330,2025-12-25 19:04:26.721294
METAR VOND 251300Z 16001KT 4000 HZ NSC 23/07 Q1015 NOSIG,1,160,KT,251300,2025-12-25 19:04:39.273198
METAR VOND 251300Z 16001KT 4000 HZ NSC 23/07 Q1015 NOSIG,1,160,KT,251300,2025-12-25 19:04:53.245903
METAR VASD 251330Z 07006KT 3000 FU NSC 21/06 Q1015 NOSIG,6,70,KT,251330,2025-12-25 19:05:07.630476
202512251130 METAR VAKP 251130Z 11005KT 5000 FU NSC 26/08 Q1014 NOSIG=,5,110,KT,251130,2025-12-25 19:05:10.019980
202512250930 METAR VOSR 250930Z 23007KT 6000 NSC 30/12 Q1010 NOSIG=,7,230,KT,250930,2025-12-25 19:05:35.152048
202512250930 METAR VASL 250930Z 15004KT 5000 FU NSC 31/13 Q1014 NOSIG=,4,150,KT,250930,2025-12-25 19:06:03.927415
METAR VOGA 251330Z 31006KT 4000 HZ NSC 29/12 Q1012 NOSIG,6,310,KT,251330,2025-12-25 19:06:56.497576
202512251300 METAR VANM 251300Z 30003KT 3000 FU NSC 28/12 Q1011 NOSIG=,3,300,KT,251300,2025-12-25 19:07:08.772363
METAR VASD 251330Z 07006KT 3000 FU NSC 21/06 Q1015 NOSIG,6,70,KT,251330,2025-12-25 19:07:23.089140
METAR VASD 251330Z 07006KT 3000 FU NSC 21/06 Q1015 NOSIG,6,70,KT,251330,2025-12-25 19:08:06.423738
METAR VAJL 251330Z 00000KT 6000 NSC 19/08 Q1014,0,0,KT,251330,2025-12-25 19:13:44.020083
METAR VAAU 251330Z 00000KT 4000 HZ NSC 21/13 Q1016 NOSIG,0,0,KT,251330,2025-12-25 19:14:27.348565
METAR VOND 251330Z 16001KT 4000 HZ NSC 23/07 Q1015 NOSIG,1,160,KT,251330,2025-12-25 19:14:39.877971
METAR VOND 251330Z 16001KT 4000 HZ NSC 23/07 Q1015 NOSIG,1,160,KT,251330,2025-12-25 19:14:53.565980
METAR VASD 251330Z 07006KT 3000 FU NSC 21/06 Q1015 NOSIG,6,70,KT,251330,2025-12-25 19:15:08.245726
202512251130 METAR VAKP 251130Z 11005KT 5000 FU NSC 26/08 Q1014 NOSIG=,5,110,KT,251130,2025-12-25 19:15:10.911927
202512250930 METAR VOSR 250930Z 23007KT 6000 NSC 30/12 Q1010 NOSIG=,7,230,KT,250930,2025-12-25 19:15:36.069763
202512250930 METAR VASL 250930Z 15004KT 5000 FU NSC 31/13 Q1014 NOSIG=,4,150,KT,250930,2025-12-25 19:16:05.251701
METAR VOGA 251330Z 31006KT 4000 HZ NSC 29/12 Q1012 NOSIG,6,310,KT,251330,2025-12-25 19:16:57.118071
202512251330 METAR VANM 251330Z 20003KT 3000 FU NSC 25/14 Q1012 NOSIG=,3,200,KT,251330,2025-12-25 19:17:09.813045
METAR VASD 251330Z 07006KT 3000 FU NSC 21/06 Q1015 NOSIG,6,70,KT,251330,2025-12-25 19:17:24.043030
METAR VASD 251330Z 07006KT 3000 FU NSC 21/06 Q1015 NOSIG,6,70,KT,251330,2025-12-25 19:18:06.763421
METAR VAJL 251330Z 00000KT 6000 NSC 19/08 Q1014,0,0,KT,251330,2025-12-25 19:23:44.652694
METAR VAAU 251330Z 00000KT 4000 HZ NSC 21/13 Q1016 NOSIG,0,0,KT,251330,2025-12-25 19:24:28.078855
METAR VOND 251330Z 16001KT 4000 HZ NSC 23/07 Q1015 NOSIG,1,160,KT,251330,2025-12-25 19:24:40.472665
METAR VOND 251330Z 16001KT 4000 HZ NSC 23/07 Q1015 NOSIG,1,160,KT,251330,2025-12-25 19:24:53.882232
METAR VASD 251330Z 07006KT 3000 FU NSC 21/06 Q1015 NOSIG,6,70,KT,251330,2025-12-25 19:25:10.772974
202512251130 METAR VAKP 251130Z 11005KT 5000 FU NSC 26/08 Q1014 NOSIG=,5,110,KT,251130,2025-12-25 19:25:11.848503
202512250930 METAR VOSR 250930Z 23007KT 6000 NSC 30/12 Q1010 NOSIG=,7,230,KT,250930,2025-12-25 19:25:44.295433
202512250930 METAR VASL 250930Z 15004KT 5000 FU NSC 31/13 Q1014 NOSIG=,4,150,KT,250930,2025-12-25 19:26:06.770195
METAR VOGA 251330Z 31006KT 4000 HZ NSC 29/12 Q1012 NOSIG,6,310,KT,251330,2025-12-25 19:26:57.944956
202512251330 METAR VANM 251330Z 20003KT 3000 FU NSC 25/14 Q1012 NOSIG=,3,200,KT,251330,2025-12-25 19:27:10.784555
METAR VASD 251330Z 07006KT 3000 FU NSC 21/06 Q1015 NOSIG,6,70,KT,251330,2025-12-25 19:27:24.667748
METAR VASD 251330Z 07006KT 3000 FU NSC 21/06 Q1015 NOSIG,6,70,KT,251330,2025-12-25 19:28:07.089022
METAR VAJL 251400Z 00000KT 6000 NSC 17/09 Q1015,0,0,KT,251400,2025-12-25 19:33:45.350270
METAR VAAU 251400Z 00000KT 4000 HZ NSC 21/13 Q1016 NOSIG,0,0,KT,251400,2025-12-25 19:34:28.975295
METAR VOND 251330Z 16001KT 4000 HZ NSC 23/07 Q1015 NOSIG,1,160,KT,251330,2025-12-25 19:34:41.106269
METAR VOND 251330Z 16001KT 4000 HZ NSC 23/07 Q1015 NOSIG,1,160,KT,251330,2025-12-25 19:34:54.230014
METAR VASD 251400Z 05003KT 3000 FU NSC 20/05 Q1016 NOSIG,3,50,KT,251400,2025-12-25 19:35:11.271382
202512251130 METAR VAKP 251130Z 11005KT 5000 FU NSC 26/08 Q1014 NOSIG=,5,110,KT,251130,2025-12-25 19:35:13.209654
202512250930 METAR VOSR 250930Z 23007KT 6000 NSC 30/12 Q1010 NOSIG=,7,230,KT,250930,2025-12-25 19:35:45.328957
202512250930 METAR VASL 250930Z 15004KT 5000 FU NSC 31/13 Q1014 NOSIG=,4,150,KT,250930,2025-12-25 19:36:07.671523
METAR VOGA 251400Z 32005KT 4000 HZ NSC 29/12 Q1012 BECMG 3000 HZ,5,320,KT,251400,2025-12-25 19:36:58.555318
202512251330 METAR VANM 251330Z 20003KT 3000 FU NSC 25/14 Q1012 NOSIG=,3,200,KT,251330,2025-12-25 19:37:11.850016
METAR VASD 251400Z 05003KT 3000 FU NSC 20/05 Q1016 NOSIG,3,50,KT,251400,2025-12-25 19:37:25.725155
METAR VASD 251400Z 05003KT 3000 FU NSC 20/05 Q1016 NOSIG,3,50,KT,251400,2025-12-25 19:38:07.470578
METAR VAJL 251400Z 00000KT 6000 NSC 17/09 Q1015,0,0,KT,251400,2025-12-25 19:43:46.051479
METAR VAAU 251400Z 00000KT 4000 HZ NSC 21/13 Q1016 NOSIG,0,0,KT,251400,2025-12-25 19:44:29.847499
METAR VOND 251330Z 16001KT 4000 HZ NSC 23/07 Q1015 NOSIG,1,160,KT,251330,2025-12-25 19:44:41.865069
METAR VOND 251330Z 16001KT 4000 HZ NSC 23/07 Q1015 NOSIG,1,160,KT,251330,2025-12-25 19:44:54.578899
METAR VASD 251400Z 05003KT 3000 FU NSC 20/05 Q1016 NOSIG,3,50,KT,251400,2025-12-25 19:45:11.764702
202512251130 METAR VAKP 251130Z 11005KT 5000 FU NSC 26/08 Q1014 NOSIG=,5,110,KT,251130,2025-12-25 19:45:14.126070
202512250930 METAR VOSR 250930Z 23007KT 6000 NSC 30/12 Q1010 NOSIG=,7,230,KT,250930,2025-12-25 19:45:46.459703
202512250930 METAR VASL 250930Z 15004KT 5000 FU NSC 31/13 Q1014 NOSIG=,4,150,KT,250930,2025-12-25 19:46:08.614544
METAR VOGA 251400Z 32005KT 4000 HZ NSC 29/12 Q1012 BECMG 3000 HZ,5,320,KT,251400,2025-12-25 19:46:59.456225
202512251400 METAR VANM 251400Z 19004KT 3000 FU NSC 24/14 Q1012 NOSIG=,4,190,KT,251400,2025-12-25 19:47:12.824537
METAR VASD 251400Z 05003KT 3000 FU NSC 20/05 Q1016 NOSIG,3,50,KT,251400,2025-12-25 19:47:26.628612
METAR VASD 251400Z 05003KT 3000 FU NSC 20/05 Q1016 NOSIG,3,50,KT,251400,2025-12-25 19:48:07.825306
METAR VAJL 251400Z 00000KT 6000 NSC 17/09 Q1015,0,0,KT,251400,2025-12-25 19:53:46.909304
METAR VAAU 251400Z 00000KT 4000 HZ NSC 21/13 Q1016 NOSIG,0,0,KT,251400,2025-12-25 19:54:30.461069
METAR VOND 251330Z 16001KT 4000 HZ NSC 23/07 Q1015 NOSIG,1,160,KT,251330,2025-12-25 19:54:42.564684
METAR VOND 251330Z 16001KT 4000 HZ NSC 23/07 Q1015 NOSIG,1,160,KT,251330,2025-12-25 19:54:54.913632
METAR VASD 251400Z 05003KT 3000 FU NSC 20/05 Q1016 NOSIG,3,50,KT,251400,2025-12-25 19:55:12.119607
202512251130 METAR VAKP 251130Z 11005KT 5000 FU NSC 26/08 Q1014 NOSIG=,5,110,KT,251130,2025-12-25 19:55:15.007350
202512250930 METAR VOSR 250930Z 23007KT 6000 NSC 30/12 Q1010 NOSIG=,7,230,KT,250930,2025-12-25 19:55:47.791033
202512250930 METAR VASL 250930Z 15004KT 5000 FU NSC 31/13 Q1014 NOSIG=,4,150,KT,250930,2025-12-25 19:56:09.616740
METAR VOGA 251400Z 32005KT 4000 HZ NSC 29/12 Q1012 BECMG 3000 HZ,5,320,KT,251400,2025-12-25 19:57:00.041901
202512251400 METAR VANM 251400Z 19004KT 3000 FU NSC 24/14 Q1012 NOSIG=,4,190,KT,251400,2025-12-25 19:57:14.066241
METAR VASD 251400Z 05003KT 3000 FU NSC 20/05 Q1016 NOSIG,3,50,KT,251400,2025-12-25 19:57:27.213768
METAR VASD 251400Z 05003KT 3000 FU NSC 20/05 Q1016 NOSIG,3,50,KT,251400,2025-12-25 19:58:08.125485
METAR VAJL 251400Z 00000KT 6000 NSC 17/09 Q1015,0,0,KT,251400,2025-12-25 20:03:47.634803
METAR VAAU 251430Z 00000KT 4000 HZ NSC 18/13 Q1016 NOSIG,0,0,KT,251430,2025-12-25 20:04:31.153235
METAR VOND 251330Z 16001KT 4000 HZ NSC 23/07 Q1015 NOSIG,1,160,KT,251330,2025-12-25 20:04:43.183284
METAR VOND 251330Z 16001KT 4000 HZ NSC 23/07 Q1015 NOSIG,1,160,KT,251330,2025-12-25 20:04:55.218484
METAR VASD 251430Z 07004KT 3000 FU NSC 20/05 Q1016 NOSIG,4,70,KT,251430,2025-12-25 20:05:12.729110
202512251130 METAR VAKP 251130Z 11005KT 5000 FU NSC 26/08 Q1014 NOSIG=,5,110,KT,251130,2025-12-25 20:05:16.094884
202512250930 METAR VOSR 250930Z 23007KT 6000 NSC 30/12 Q1010 NOSIG=,7,230,KT,250930,2025-12-25 20:05:49.062852
202512250930 METAR VASL 250930Z 15004KT 5000 FU NSC 31/13 Q1014 NOSIG=,4,150,KT,250930,2025-12-25 20:06:10.893354
METAR VOGA 251430Z 33003KT 3000 HZ NSC 28/15 Q1013 NOSIG,3,330,KT,251430,2025-12-25 20:07:00.767865
202512251400 METAR VANM 251400Z 19004KT 3000 FU NSC 24/14 Q1012 NOSIG=,4,190,KT,251400,2025-12-25 20:07:15.081672
METAR VASD 251430Z 07004KT 3000 FU NSC 20/05 Q1016 NOSIG,4,70,KT,251430,2025-12-25 20:07:27.904235
METAR VASD 251430Z 07004KT 3000 FU NSC 20/05 Q1016 NOSIG,4,70,KT,251430,2025-12-25 20:08:08.448297
METAR VAJL 251430Z 13002KT 6000 NSC 16/09 Q1015,2,130,KT,251430,2025-12-25 20:13:48.520644
METAR VAAU 251430Z 00000KT 4000 HZ NSC 18/13 Q1016 NOSIG,0,0,KT,251430,2025-12-25 20:14:32.042639
METAR VOND 251330Z 16001KT 4000 HZ NSC 23/07 Q1015 NOSIG,1,160,KT,251330,2025-12-25 20:14:43.817639
METAR VOND 251330Z 16001KT 4000 HZ NSC 23/07 Q1015 NOSIG,1,160,KT,251330,2025-12-25 20:14:55.540564
METAR VASD 251430Z 07004KT 3000 FU NSC 20/05 Q1016 NOSIG,4,70,KT,251430,2025-12-25 20:15:13.110289
202512251130 METAR VAKP 251130Z 11005KT 5000 FU NSC 26/08 Q1014 NOSIG=,5,110,KT,251130,2025-12-25 20:15:17.497236
202512250930 METAR VOSR 250930Z 23007KT 6000 NSC 30/12 Q1010 NOSIG=,7,230,KT,250930,2025-12-25 20:15:50.051263
202512250930 METAR VASL 250930Z 15004KT 5000 FU NSC 31/13 Q1014 NOSIG=,4,150,KT,250930,2025-12-25 20:16:11.763898
METAR VOGA 251430Z 33003KT 3000 HZ NSC 28/15 Q1013 NOSIG,3,330,KT,251430,2025-12-25 20:17:01.371351
202512251430 METAR VANM 251430Z 20004KT 3000 HZ NSC 23/14 Q1012 NOSIG=,4,200,KT,251430,2025-12-25 20:17:16.081162
METAR VASD 251430Z 07004KT 3000 FU NSC 20/05 Q1016 NOSIG,4,70,KT,251430,2025-12-25 20:17:28.495779
METAR VASD 251430Z 07004KT 3000 FU NSC 20/05 Q1016 NOSIG,4,70,KT,251430,2025-12-25 20:18:08.765185
METAR VAJL 251430Z 13002KT 6000 NSC 16/09 Q1015,2,130,KT,251430,2025-12-25 20:23:49.218370
METAR VAAU 251430Z 00000KT 4000 HZ NSC 18/13 Q1016 NOSIG,0,0,KT,251430,2025-12-25 20:24:32.661436
METAR VOND 251330Z 16001KT 4000 HZ NSC 23/07 Q1015 NOSIG,1,160,KT,251330,2025-12-25 20:24:44.720594
METAR VOND 251330Z 16001KT 4000 HZ NSC 23/07 Q1015 NOSIG,1,160,KT,251330,2025-12-25 20:24:55.873064
METAR VASD 251430Z 07004KT 3000 FU NSC 20/05 Q1016 NOSIG,4,70,KT,251430,2025-12-25 20:25:13.606362
202512251130 METAR VAKP 251130Z 11005KT 5000 FU NSC 26/08 Q1014 NOSIG=,5,110,KT,251130,2025-12-25 20:25:18.391675
202512250930 METAR VOSR 250930Z 23007KT 6000 NSC 30/12 Q1010 NOSIG=,7,230,KT,250930,2025-12-25 20:25:50.972196
202512250930 METAR VASL 250930Z 15004KT 5000 FU NSC 31/13 Q1014 NOSIG=,4,150,KT,250930,2025-12-25 20:26:13.595691
METAR VOGA 251430Z 33003KT 3000 HZ NSC 28/15 Q1013 NOSIG,3,330,KT,251430,2025-12-25 20:27:02.011323
202512251430 METAR VANM 251430Z 20004KT 3000 HZ NSC 23/14 Q1012 NOSIG=,4,200,KT,251430,2025-12-25 20:27:17.001372
METAR VASD 251430Z 07004KT 3000 FU NSC 20/05 Q1016 NOSIG,4,70,KT,251430,2025-12-25 20:27:29.339283
METAR VASD 251430Z 07004KT 3000 FU NSC 20/05 Q1016 NOSIG,4,70,KT,251430,2025-12-25 20:28:09.108757
METAR VAJL 251430Z 13002KT 6000 NSC 16/09 Q1015,2,130,KT,251430,2025-12-25 20:33:49.875542
METAR VAAU 251500Z 00000KT 4000 HZ NSC 18/13 Q1017 NOSIG,0,0,KT,251500,2025-12-25 20:34:33.297977
METAR VOND 251330Z 16001KT 4000 HZ NSC 23/07 Q1015 NOSIG,1,160,KT,251330,2025-12-25 20:34:45.757335
METAR VOND 251330Z 16001KT 4000 HZ NSC 23/07 Q1015 NOSIG,1,160,KT,251330,2025-12-25 20:34:56.239300
METAR VASD 251500Z 07004KT 3000 FU NSC 20/05 Q1016 NOSIG,4,70,KT,251500,2025-12-25 20:35:13.991356
202512251130 METAR VAKP 251130Z 11005KT 5000 FU NSC 26/08 Q1014 NOSIG=,5,110,KT,251130,2025-12-25 20:35:19.665344
202512250930 METAR VOSR 250930Z 23007KT 6000 NSC 30/12 Q1010 NOSIG=,7,230,KT,250930,2025-12-25 20:35:52.078401
202512250930 METAR VASL 250930Z 15004KT 5000 FU NSC 31/13 Q1014 NOSIG=,4,150,KT,250930,2025-12-25 20:36:14.643460
METAR VOGA 251500Z 35004KT 3000 HZ NSC 27/16 Q1013 NOSIG,4,350,KT,251500,2025-12-25 20:37:02.703853
202512251430 METAR VANM 251430Z 20004KT 3000 HZ NSC 23/14 Q1012 NOSIG=,4,200,KT,251430,2025-12-25 20:37:18.017228
METAR VASD 251500Z 07004KT 3000 FU NSC 20/05 Q1016 NOSIG,4,70,KT,251500,2025-12-25 20:37:30.829210
METAR VASD 251500Z 07004KT 3000 FU NSC 20/05 Q1016 NOSIG,4,70,KT,251500,2025-12-25 20:38:09.462636
METAR VAJL 251430Z 13002KT 6000 NSC 16/09 Q1015,2,130,KT,251430,2025-12-25 20:43:50.856739
METAR VAAU 251500Z 00000KT 4000 HZ NSC 18/13 Q1017 NOSIG,0,0,KT,251500,2025-12-25 20:44:33.926626
METAR VOND 251330Z 16001KT 4000 HZ NSC 23/07 Q1015 NOSIG,1,160,KT,251330,2025-12-25 20:44:46.888233
METAR VOND 251330Z 16001KT 4000 HZ NSC 23/07 Q1015 NOSIG,1,160,KT,251330,2025-12-25 20:44:56.589860
METAR VASD 251500Z 07004KT 3000 FU NSC 20/05 Q1016 NOSIG,4,70,KT,251500,2025-12-25 20:45:14.435775
202512251130 METAR VAKP 251130Z 11005KT 5000 FU NSC 26/08 Q1014 NOSIG=,5,110,KT,251130,2025-12-25 20:45:21.227428
202512250930 METAR VOSR 250930Z 23007KT 6000 NSC 30/12 Q1010 NOSIG=,7,230,KT,250930,2025-12-25 20:45:53.226225
202512250930 METAR VASL 250930Z 15004KT 5000 FU NSC 31/13 Q1014 NOSIG=,4,150,KT,250930,2025-12-25 20:46:15.850586
METAR VOGA 251500Z 35004KT 3000 HZ NSC 27/16 Q1013 NOSIG,4,350,KT,251500,2025-12-25 20:47:03.700900
202512251500 METAR VANM 251500Z 19004KT 3000 HZ NSC 22/14 Q1013 NOSIG=,4,190,KT,251500,2025-12-25 20:47:18.939791
METAR VASD 251500Z 07004KT 3000 FU NSC 20/05 Q1016 NOSIG,4,70,KT,251500,2025-12-25 20:47:31.458397
METAR VASD 251500Z 07004KT 3000 FU NSC 20/05 Q1016 NOSIG,4,70,KT,251500,2025-12-25 20:48:09.818392
METAR VAJL 251430Z 13002KT 6000 NSC 16/09 Q1015,2,130,KT,251430,2025-12-25 20:53:51.521144
METAR VAAU 251500Z 00000KT 4000 HZ NSC 18/13 Q1017 NOSIG,0,0,KT,251500,2025-12-25 20:54:34.532977
METAR VOND 251330Z 16001KT 4000 HZ NSC 23/07 Q1015 NOSIG,1,160,KT,251330,2025-12-25 20:54:47.924557
METAR VOND 251330Z 16001KT 4000 HZ NSC 23/07 Q1015 NOSIG,1,160,KT,251330,2025-12-25 20:54:56.952007
METAR VASD 251500Z 07004KT 3000 FU NSC 20/05 Q1016 NOSIG,4,70,KT,251500,2025-12-25 20:55:14.795172
202512251130 METAR VAKP 251130Z 11005KT 5000 FU NSC 26/08 Q1014 NOSIG=,5,110,KT,251130,2025-12-25 20:55:22.118153
202512250930 METAR VOSR 250930Z 23007KT 6000 NSC 30/12 Q1010 NOSIG=,7,230,KT,250930,2025-12-25 20:55:54.566207
202512250930 METAR VASL 250930Z 15004KT 5000 FU NSC 31/13 Q1014 NOSIG=,4,150,KT,250930,2025-12-25 20:56:16.901316
METAR VOGA 251500Z 35004KT 3000 HZ NSC 27/16 Q1013 NOSIG,4,350,KT,251500,2025-12-25 20:57:04.457597
202512251500 METAR VANM 251500Z 19004KT 3000 HZ NSC 22/14 Q1013 NOSIG=,4,190,KT,251500,2025-12-25 20:57:20.226078
METAR VASD 251500Z 07004KT 3000 FU NSC 20/05 Q1016 NOSIG,4,70,KT,251500,2025-12-25 20:57:32.105400
METAR VASD 251500Z 07004KT 3000 FU NSC 20/05 Q1016 NOSIG,4,70,KT,251500,2025-12-25 20:58:10.157381
METAR VAJL 251430Z 13002KT 6000 NSC 16/09 Q1015,2,130,KT,251430,2025-12-25 21:03:52.160475
METAR VAAU 251530Z 00000KT 4000 HZ NSC 17/12 Q1016 NOSIG,0,0,KT,251530,2025-12-25 21:04:35.168458
202512251330 METAR VOND 251330Z 16001KT 4000 HZ NSC 23/07 Q1015 NOSIG=,1,160,KT,251330,2025-12-25 21:04:49.127610
202512251330 METAR VOND 251330Z 16001KT 4000 HZ NSC 23/07 Q1015 NOSIG=,1,160,KT,251330,2025-12-25 21:04:57.834786
METAR VASD 251500Z 07004KT 3000 FU NSC 20/05 Q1016 NOSIG,4,70,KT,251500,2025-12-25 21:05:15.408987
202512251130 METAR VAKP 251130Z 11005KT 5000 FU NSC 26/08 Q1014 NOSIG=,5,110,KT,251130,2025-12-25 21:05:23.032493
202512250930 METAR VOSR 250930Z 23007KT 6000 NSC 30/12 Q1010 NOSIG=,7,230,KT,250930,2025-12-25 21:05:55.462893
202512250930 METAR VASL 250930Z 15004KT 5000 FU NSC 31/13 Q1014 NOSIG=,4,150,KT,250930,2025-12-25 21:06:18.087802
METAR VOGA 251530Z 35003KT 3000 HZ NSC 27/16 Q1013 NOSIG,3,350,KT,251530,2025-12-25 21:07:05.115217
202512251500 METAR VANM 251500Z 19004KT 3000 HZ NSC 22/14 Q1013 NOSIG=,4,190,KT,251500,2025-12-25 21:07:22.712649
METAR VASD 251530Z 10001KT 3000 FU NSC 19/05 Q1016 NOSIG,1,100,KT,251530,2025-12-25 21:07:33.360431
METAR VASD 251530Z 10001KT 3000 FU NSC 19/05 Q1016 NOSIG,1,100,KT,251530,2025-12-25 21:08:10.495190
METAR VAJL 251430Z 13002KT 6000 NSC 16/09 Q1015,2,130,KT,251430,2025-12-25 21:13:52.854489
METAR VAAU 251530Z 00000KT 4000 HZ NSC 17/12 Q1016 NOSIG,0,0,KT,251530,2025-12-25 21:14:35.873886
202512251330 METAR VOND 251330Z 16001KT 4000 HZ NSC 23/07 Q1015 NOSIG=,1,160,KT,251330,2025-12-25 21:14:50.103569
202512251330 METAR VOND 251330Z 16001KT 4000 HZ NSC 23/07 Q1015 NOSIG=,1,160,KT,251330,2025-12-25 21:14:58.818082
METAR VASD 251530Z 10001KT 3000 FU NSC 19/05 Q1016 NOSIG,1,100,KT,251530,2025-12-25 21:15:17.172432
202512251130 METAR VAKP 251130Z 11005KT 5000 FU NSC 26/08 Q1014 NOSIG=,5,110,KT,251130,2025-12-25 21:15:24.274485
202512250930 METAR VOSR 250930Z 23007KT 6000 NSC 30/12 Q1010 NOSIG=,7,230,KT,250930,2025-12-25 21:15:56.850970
202512250930 METAR VASL 250930Z 15004KT 5000 FU NSC 31/13 Q1014 NOSIG=,4,150,KT,250930,2025-12-25 21:16:25.118914
METAR VOGA 251530Z 35003KT 3000 HZ NSC 27/16 Q1013 NOSIG,3,350,KT,251530,2025-12-25 21:17:05.795110
202512251530 METAR VANM 251530Z 00000KT 3000 HZ NSC 22/14 Q1013 NOSIG=,0,0,KT,251530,2025-12-25 21:17:23.823608
METAR VASD 251530Z 10001KT 3000 FU NSC 19/05 Q1016 NOSIG,1,100,KT,251530,2025-12-25 21:17:34.282061
METAR VASD 251530Z 10001KT 3000 FU NSC 19/05 Q1016 NOSIG,1,100,KT,251530,2025-12-25 21:18:10.886006
METAR VAJL 251430Z 13002KT 6000 NSC 16/09 Q1015,2,130,KT,251430,2025-12-25 21:23:53.586109
METAR VAAU 251530Z 00000KT 4000 HZ NSC 17/12 Q1016 NOSIG,0,0,KT,251530,2025-12-25 21:24:36.538560
202512251330 METAR VOND 251330Z 16001KT 4000 HZ NSC 23/07 Q1015 NOSIG=,1,160,KT,251330,2025-12-25 21:24:51.194121
202512251330 METAR VOND 251330Z 16001KT 4000 HZ NSC 23/07 Q1015 NOSIG=,1,160,KT,251330,2025-12-25 21:25:00.208279
METAR VASD 251530Z 10001KT 3000 FU NSC 19/05 Q1016 NOSIG,1,100,KT,251530,2025-12-25 21:25:17.606378
202512251130 METAR VAKP 251130Z 11005KT 5000 FU NSC 26/08 Q1014 NOSIG=,5,110,KT,251130,2025-12-25 21:25:25.777676
202512250930 METAR VOSR 250930Z 23007KT 6000 NSC 30/12 Q1010 NOSIG=,7,230,KT,250930,2025-12-25 21:25:57.789591
202512250930 METAR VASL 250930Z 15004KT 5000 FU NSC 31/13 Q1014 NOSIG=,4,150,KT,250930,2025-12-25 21:26:26.070293
METAR VOGA 251530Z 35003KT 3000 HZ NSC 27/16 Q1013 NOSIG,3,350,KT,251530,2025-12-25 21:27:06.649946
202512251530 METAR VANM 251530Z 00000KT 3000 HZ NSC 22/14 Q1013 NOSIG=,0,0,KT,251530,2025-12-25 21:27:24.741459
METAR VASD 251530Z 10001KT 3000 FU NSC 19/05 Q1016 NOSIG,1,100,KT,251530,2025-12-25 21:27:40.807461
METAR VASD 251530Z 10001KT 3000 FU NSC 19/05 Q1016 NOSIG,1,100,KT,251530,2025-12-25 21:28:11.306836
METAR VAJL 251430Z 13002KT 6000 NSC 16/09 Q1015,2,130,KT,251430,2025-12-25 21:33:54.472935
METAR VAAU 251600Z 00000KT 4000 HZ NSC 17/12 Q1016 NOSIG,0,0,KT,251600,2025-12-25 21:34:37.197252
202512251330 METAR VOND 251330Z 16001KT 4000 HZ NSC 23/07 Q1015 NOSIG=,1,160,KT,251330,2025-12-25 21:34:52.367022
202512251330 METAR VOND 251330Z 16001KT 4000 HZ NSC 23/07 Q1015 NOSIG=,1,160,KT,251330,2025-12-25 21:35:01.108302
METAR VASD 251530Z 10001KT 3000 FU NSC 19/05 Q1016 NOSIG,1,100,KT,251530,2025-12-25 21:35:18.069341
202512251130 METAR VAKP 251130Z 11005KT 5000 FU NSC 26/08 Q1014 NOSIG=,5,110,KT,251130,2025-12-25 21:35:26.703086
202512250930 METAR VOSR 250930Z 23007KT 6000 NSC 30/12 Q1010 NOSIG=,7,230,KT,250930,2025-12-25 21:35:58.725512
202512250930 METAR VASL 250930Z 15004KT 5000 FU NSC 31/13 Q1014 NOSIG=,4,150,KT,250930,2025-12-25 21:36:27.282121
METAR VOGA 251600Z 35004KT 3000 HZ NSC 27/16 Q1014 NOSIG,4,350,KT,251600,2025-12-25 21:37:07.318403
202512251530 METAR VANM 251530Z 00000KT 3000 HZ NSC 22/14 Q1013 NOSIG=,0,0,KT,251530,2025-12-25 21:37:25.656236
METAR VASD 251530Z 10001KT 3000 FU NSC 19/05 Q1016 NOSIG,1,100,KT,251530,2025-12-25 21:37:41.746307
METAR VASD 251530Z 10001KT 3000 FU NSC 19/05 Q1016 NOSIG,1,100,KT,251530,2025-12-25 21:38:11.714001
202512251430 METAR VAJL 251430Z 13002KT 6000 NSC 16/09 Q1015=,2,130,KT,251430,2025-12-25 22:01:11.124331
METAR VAAU 251630Z 00000KT 4000 HZ NSC 17/12 Q1016 NOSIG,0,0,KT,251630,2025-12-25 22:01:53.486030
202512251330 METAR VOND 251330Z 16001KT 4000 HZ NSC 23/07 Q1015 NOSIG=,1,160,KT,251330,2025-12-25 22:02:08.934553
202512251330 METAR VOND 251330Z 16001KT 4000 HZ NSC 23/07 Q1015 NOSIG=,1,160,KT,251330,2025-12-25 22:02:17.815893
METAR VASD 251630Z 16002KT 3000 FU NSC 19/06 Q1016 NOSIG,2,160,KT,251630,2025-12-25 22:02:34.367209
202512251130 METAR VAKP 251130Z 11005KT 5000 FU NSC 26/08 Q1014 NOSIG=,5,110,KT,251130,2025-12-25 22:02:43.298603
202512250930 METAR VOSR 250930Z 23007KT 6000 NSC 30/12 Q1010 NOSIG=,7,230,KT,250930,2025-12-25 22:03:15.640762
METAR VASD 251630Z 16002KT 3000 FU NSC 19/06 Q1016 NOSIG,2,160,KT,251630,2025-12-25 22:04:58.062309
METAR VASD 251630Z 16002KT 3000 FU NSC 19/06 Q1016 NOSIG,2,160,KT,251630,2025-12-25 22:10:18.485926
METAR VASD 251630Z 16002KT 3000 FU NSC 19/06 Q1016 NOSIG,2,160,KT,251630,2025-12-25 22:11:32.350936
METAR VASD 251630Z 16002KT 3000 FU NSC 19/06 Q1016 NOSIG,2,160,KT,251630,2025-12-25 22:12:36.202391
METAR VASD 251630Z 16002KT 3000 FU NSC 19/06 Q1016 NOSIG,2,160,KT,251630,2025-12-25 22:13:40.208859
METAR VASD 251630Z 16002KT 3000 FU NSC 19/06 Q1016 NOSIG,2,160,KT,251630,2025-12-25 22:14:58.973459
METAR VASD 251630Z 16002KT 3000 FU NSC 19/06 Q1016 NOSIG,2,160,KT,251630,2025-12-25 22:18:30.763216
METAR VASD 251630Z 16002KT 3000 FU NSC 19/06 Q1016 NOSIG,2,160,KT,251630,2025-12-25 22:22:37.407282
METAR VASD 251630Z 16002KT 3000 FU NSC 19/06 Q1016 NOSIG,2,160,KT,251630,2025-12-25 22:23:40.803029
METAR VASD 251630Z 16002KT 3000 FU NSC 19/06 Q1016 NOSIG,2,160,KT,251630,2025-12-25 22:25:02.440140
METAR VASD 251630Z 16002KT 3000 FU NSC 19/06 Q1016 NOSIG,2,160,KT,251630,2025-12-25 22:32:38.023370
METAR VASD 251630Z 16002KT 3000 FU NSC 19/06 Q1016 NOSIG,2,160,KT,251630,2025-12-25 22:33:41.649228
METAR VASD 251700Z 13003KT 3000 FU NSC 19/06 Q1016 NOSIG,3,130,KT,251700,2025-12-25 22:35:03.143990
202512251130 METAR VAKP 251130Z 11005KT 5000 FU NSC 26/08 Q1014 NOSIG=,5,110,KT,251130,2025-12-25 22:38:34.078202
202512251130 METAR VAKP 251130Z 11005KT 5000 FU NSC 26/08 Q1014 NOSIG=,5,110,KT,251130,2025-12-25 22:38:34.840554
202512251130 METAR VAKP 251130Z 11005KT 5000 FU NSC 26/08 Q1014 NOSIG=,5,110,KT,251130,2025-12-25 22:38:34.960756
METAR VASD 251700Z 13003KT 3000 FU NSC 19/06 Q1016 NOSIG,3,130,KT,251700,2025-12-25 22:42:39.149681
202512251130 METAR VAKP 251130Z 11005KT 5000 FU NSC 26/08 Q1014 NOSIG=,5,110,KT,251130,2025-12-25 22:43:05.036509
METAR VASD 251700Z 13003KT 3000 FU NSC 19/06 Q1016 NOSIG,3,130,KT,251700,2025-12-25 22:43:23.742567
202512251130 METAR VAKP 251130Z 11005KT 5000 FU NSC 26/08 Q1014 NOSIG=,5,110,KT,251130,2025-12-25 22:43:34.591858
METAR VASD 251700Z 13003KT 3000 FU NSC 19/06 Q1016 NOSIG,3,130,KT,251700,2025-12-25 22:43:42.540781
METAR VASD 251700Z 13003KT 3000 FU NSC 19/06 Q1016 NOSIG,3,130,KT,251700,2025-12-25 22:43:46.613779
202512251600 METAR VANM 251600Z 00000KT 3000 HZ NSC 21/14 Q1013 NOSIG=,0,0,KT,251600,2025-12-25 22:43:52.726869
METAR VASD 251700Z 13003KT 3000 FU NSC 19/06 Q1016 NOSIG,3,130,KT,251700,2025-12-25 22:45:03.848793
202512251130 METAR VAKP 251130Z 11005KT 5000 FU NSC 26/08 Q1014 NOSIG=,5,110,KT,251130,2025-12-25 22:48:48.146320
METAR VASD 251700Z 13003KT 3000 FU NSC 19/06 Q1016 NOSIG,3,130,KT,251700,2025-12-25 22:52:39.795664
METAR VASD 251700Z 13003KT 3000 FU NSC 19/06 Q1016 NOSIG,3,130,KT,251700,2025-12-25 22:53:43.159414
METAR VASD 251700Z 13003KT 3000 FU NSC 19/06 Q1016 NOSIG,3,130,KT,251700,2025-12-25 22:55:04.484673
202512251130 METAR VAKP 251130Z 11005KT 5000 FU NSC 26/08 Q1014 NOSIG=,5,110,KT,251130,2025-12-25 23:00:20.321551
METAR VASD 251700Z 13003KT 3000 FU NSC 19/06 Q1016 NOSIG,3,130,KT,251700,2025-12-25 23:02:40.652671
METAR VASD 251700Z 13003KT 3000 FU NSC 19/06 Q1016 NOSIG,3,130,KT,251700,2025-12-25 23:03:43.787400
METAR VASD 251700Z 13003KT 3000 FU NSC 19/06 Q1016 NOSIG,3,130,KT,251700,2025-12-25 23:05:05.136954
202512251130 METAR VAKP 251130Z 11005KT 5000 FU NSC 26/08 Q1014 NOSIG=,5,110,KT,251130,2025-12-25 23:05:45.568074
202512251230 METAR VAJJ 251230Z 29003KT 4000 HZ NSC 27/20 Q1011 NOSIG=,3,290,KT,251230,2025-12-25 23:05:56.604342
METAR VASD 251700Z 13003KT 3000 FU NSC 19/06 Q1016 NOSIG,3,130,KT,251700,2025-12-25 23:05:58.170861
METAR VASD 251700Z 13003KT 3000 FU NSC 19/06 Q1016 NOSIG,3,130,KT,251700,2025-12-25 23:12:42.335190
METAR VASD 251700Z 13003KT 3000 FU NSC 19/06 Q1016 NOSIG,3,130,KT,251700,2025-12-25 23:13:44.929393
METAR VASD 251700Z 13003KT 3000 FU NSC 19/06 Q1016 NOSIG,3,130,KT,251700,2025-12-25 23:15:06.525590
METAR VASD 251700Z 13003KT 3000 FU NSC 19/06 Q1016 NOSIG,3,130,KT,251700,2025-12-25 23:21:35.608810
METAR VASD 251700Z 13003KT 3000 FU NSC 19/06 Q1016 NOSIG,3,130,KT,251700,2025-12-25 23:21:52.944869
METAR VASD 251700Z 13003KT 3000 FU NSC 19/06 Q1016 NOSIG,3,130,KT,251700,2025-12-25 23:22:42.979145
METAR VASD 251700Z 13003KT 3000 FU NSC 19/06 Q1016 NOSIG,3,130,KT,251700,2025-12-25 23:25:07.131717
METAR VASD 251700Z 13003KT 3000 FU NSC 19/06 Q1016 NOSIG,3,130,KT,251700,2025-12-25 23:26:50.433814
METAR VASD 251700Z 13003KT 3000 FU NSC 19/06 Q1016 NOSIG,3,130,KT,251700,2025-12-25 23:30:28.539006
METAR VABB 251730Z 16003KT 3000 FU NSC 26/13 Q1013 NOSIG,3,160,KT,251730,2025-12-25 23:30:39.593015
METAR VASD 251700Z 13003KT 3000 FU NSC 19/06 Q1016 NOSIG,3,130,KT,251700,2025-12-25 23:32:43.617477
METAR VASD 251700Z 13003KT 3000 FU NSC 19/06 Q1016 NOSIG,3,130,KT,251700,2025-12-25 23:34:29.863567
METAR VASD 251700Z 13003KT 3000 FU NSC 19/06 Q1016 NOSIG,3,130,KT,251700,2025-12-25 23:35:07.546
METAR VASD 251700Z 13003KT 3000 FU NSC 19/06 Q1016 NOSIG,3,130,KT,251700,2025-12-25 23:38:41.414807
METAR VASD 251700Z 13003KT 3000 FU NSC 19/06 Q1016 NOSIG,3,130,KT,251700,2025-12-25 23:42:45.621164
METAR VASD 251700Z 13003KT 3000 FU NSC 19/06 Q1016 NOSIG,3,130,KT,251700,2025-12-25 23:45:08.158686
METAR VASD 251700Z 13003KT 3000 FU NSC 19/06 Q1016 NOSIG,3,130,KT,251700,2025-12-25 23:49:34.007712
METAR VASD 251700Z 13003KT 3000 FU NSC 19/06 Q1016 NOSIG,3,130,KT,251700,2025-12-25 23:49:34.118857
METAR VASD 251700Z 13003KT 3000 FU NSC 19/06 Q1016 NOSIG,3,130,KT,251700,2025-12-25 23:49:34.332820
METAR VASD 251700Z 13003KT 3000 FU NSC 19/06 Q1016 NOSIG,3,130,KT,251700,2025-12-25 23:49:34.501622
METAR VASD 251700Z 13003KT 3000 FU NSC 19/06 Q1016 NOSIG,3,130,KT,251700,2025-12-25 23:52:46.474396
METAR VASD 251700Z 13003KT 3000 FU NSC 19/06 Q1016 NOSIG,3,130,KT,251700,2025-12-25 23:55:08.783629
METAR VABB 251800Z 15004KT 3000 FU NSC 25/14 Q1013 NOSIG,4,150,KT,251800,2025-12-26 00:00:22.334686
METAR VASD 251700Z 13003KT 3000 FU NSC 19/06 Q1016 NOSIG,3,130,KT,251700,2025-12-26 00:02:47.379136
METAR VASD 251700Z 13003KT 3000 FU NSC 19/06 Q1016 NOSIG,3,130,KT,251700,2025-12-26 00:05:09.472855
METAR VASD 251700Z 13003KT 3000 FU NSC 19/06 Q1016 NOSIG,3,130,KT,251700,2025-12-26 00:07:08.950330
METAR VABB 251830Z 18004KT 3000 FU NSC 25/14 Q1013 NOSIG,4,180,KT,251830,2025-12-26 00:08:44.774748
202512251600 METAR VANM 251600Z 00000KT 3000 HZ NSC 21/14 Q1013 NOSIG=,0,0,KT,251600,2025-12-26 00:08:48.616611
METAR VASD 251700Z 13003KT 3000 FU NSC 19/06 Q1016 NOSIG,3,130,KT,251700,2025-12-26 00:12:48.047898
METAR VASD 251700Z 13003KT 3000 FU NSC 19/06 Q1016 NOSIG,3,130,KT,251700,2025-12-26 00:15:10.367976
METAR VASD 251700Z 13003KT 3000 FU NSC 19/06 Q1016 NOSIG,3,130,KT,251700,2025-12-26 00:22:48.627214
METAR VASD 251700Z 13003KT 3000 FU NSC 19/06 Q1016 NOSIG,3,130,KT,251700,2025-12-26 00:25:11.072297
VASD 251700Z 13003KT 3000 FU NSC 19/06 Q1016 NOSIG,3,130,KT,251700Z,2025-12-25 17:00:00
VANM 251600Z 00000KT 3000 HZ NSC 21/14 Q1013 NOSIG,0,0,KT,251600Z,2025-12-25 16:00:00
202512251700 METAR VASD 251700Z 13003KT 3000 FU NSC 19/06 Q1016 NOSIG=,3,130,KT,251700,2025-12-26 00:32:49.558110
202512251700 METAR VASD 251700Z 13003KT 3000 FU NSC 19/06 Q1016 NOSIG=,3,130,KT,251700,2025-12-26 00:35:12.038008
VABB 251900Z 17004KT 3000 FU NSC 25/14 Q1013 NOSIG,4,170,KT,251900Z,2025-12-25 19:00:00
VAKP 251130Z 11005KT 5000 FU NSC 26/08 Q1014 NOSIG,5,110,KT,251130Z,2025-12-25 11:30:00
202512251700 METAR VASD 251700Z 13003KT 3000 FU NSC 19/06 Q1016 NOSIG=,3,130,KT,251700,2025-12-26 00:42:50.286710
202512251700 METAR VASD 251700Z 13003KT 3000 FU NSC 19/06 Q1016 NOSIG=,3,130,KT,251700,2025-12-26 00:45:12.972135
202512251700 METAR VASD 251700Z 13003KT 3000 FU NSC 19/06 Q1016 NOSIG=,3,130,KT,251700,2025-12-26 00:52:51.089770
202512251700 METAR VASD 251700Z 13003KT 3000 FU NSC 19/06 Q1016 NOSIG=,3,130,KT,251700,2025-12-26 00:55:13.934437
202512251700 METAR VASD 251700Z 13003KT 3000 FU NSC 19/06 Q1016 NOSIG=,3,130,KT,251700,2025-12-26 01:02:51.739624
202512251700 METAR VASD 251700Z 13003KT 3000 FU NSC 19/06 Q1016 NOSIG=,3,130,KT,251700,2025-12-26 01:05:14.848343
202512251700 METAR VASD 251700Z 13003KT 3000 FU NSC 19/06 Q1016 NOSIG=,3,130,KT,251700,2025-12-26 01:12:52.472413
202512251700 METAR VASD 251700Z 13003KT 3000 FU NSC 19/06 Q1016 NOSIG=,3,130,KT,251700,2025-12-26 01:15:15.777687
202512251700 METAR VASD 251700Z 13003KT 3000 FU NSC 19/06 Q1016 NOSIG=,3,130,KT,251700,2025-12-26 01:22:53.555160
202512251700 METAR VASD 251700Z 13003KT 3000 FU NSC 19/06 Q1016 NOSIG=,3,130,KT,251700,2025-12-26 01:25:16.697233
202512251700 METAR VASD 251700Z 13003KT 3000 FU NSC 19/06 Q1016 NOSIG=,3,130,KT,251700,2025-12-26 01:32:54.726174
202512251700 METAR VASD 251700Z 13003KT 3000 FU NSC 19/06 Q1016 NOSIG=,3,130,KT,251700,2025-12-26 01:35:17.774946
202512251700 METAR VASD 251700Z 13003KT 3000 FU NSC 19/06 Q1016 NOSIG=,3,130,KT,251700,2025-12-26 01:42:55.409782
202512251700 METAR VASD 251700Z 13003KT 3000 FU NSC 19/06 Q1016 NOSIG=,3,130,KT,251700,2025-12-26 01:45:19.212287
202512251700 METAR VASD 251700Z 13003KT 3000 FU NSC 19/06 Q1016 NOSIG=,3,130,KT,251700,2025-12-26 01:52:56.459215
202512251700 METAR VASD 251700Z 13003KT 3000 FU NSC 19/06 Q1016 NOSIG=,3,130,KT,251700,2025-12-26 01:55:20.149571
202512251700 METAR VASD 251700Z 13003KT 3000 FU NSC 19/06 Q1016 NOSIG=,3,130,KT,251700,2025-12-26 02:02:57.186121
202512251700 METAR VASD 251700Z 13003KT 3000 FU NSC 19/06 Q1016 NOSIG=,3,130,KT,251700,2025-12-26 02:05:21.109767
202512251700 METAR VASD 251700Z 13003KT 3000 FU NSC 19/06 Q1016 NOSIG=,3,130,KT,251700,2025-12-26 02:12:58.061703
202512251700 METAR VASD 251700Z 13003KT 3000 FU NSC 19/06 Q1016 NOSIG=,3,130,KT,251700,2025-12-26 02:15:22.046903
202512251700 METAR VASD 251700Z 13003KT 3000 FU NSC 19/06 Q1016 NOSIG=,3,130,KT,251700,2025-12-26 02:22:58.707657
202512251700 METAR VASD 251700Z 13003KT 3000 FU NSC 19/06 Q1016 NOSIG=,3,130,KT,251700,2025-12-26 02:25:23.052710
202512251700 METAR VASD 251700Z 13003KT 3000 FU NSC 19/06 Q1016 NOSIG=,3,130,KT,251700,2025-12-26 02:32:59.609263
202512251700 METAR VASD 251700Z 13003KT 3000 FU NSC 19/06 Q1016 NOSIG=,3,130,KT,251700,2025-12-26 02:35:24.389241
202512251700 METAR VASD 251700Z 13003KT 3000 FU NSC 19/06 Q1016 NOSIG=,3,130,KT,251700,2025-12-26 02:43:00.364347
202512251700 METAR VASD 251700Z 13003KT 3000 FU NSC 19/06 Q1016 NOSIG=,3,130,KT,251700,2025-12-26 02:45:25.417161
202512251700 METAR VASD 251700Z 13003KT 3000 FU NSC 19/06 Q1016 NOSIG=,3,130,KT,251700,2025-12-26 02:53:01.248431
202512251700 METAR VASD 251700Z 13003KT 3000 FU NSC 19/06 Q1016 NOSIG=,3,130,KT,251700,2025-12-26 02:55:26.573568
202512251700 METAR VASD 251700Z 13003KT 3000 FU NSC 19/06 Q1016 NOSIG=,3,130,KT,251700,2025-12-26 03:03:01.988130
202512251700 METAR VASD 251700Z 13003KT 3000 FU NSC 19/06 Q1016 NOSIG=,3,130,KT,251700,2025-12-26 03:05:27.715691
202512251700 METAR VASD 251700Z 13003KT 3000 FU NSC 19/06 Q1016 NOSIG=,3,130,KT,251700,2025-12-26 03:13:02.753130
202512251700 METAR VASD 251700Z 13003KT 3000 FU NSC 19/06 Q1016 NOSIG=,3,130,KT,251700,2025-12-26 03:15:28.634041
202512251700 METAR VASD 251700Z 13003KT 3000 FU NSC 19/06 Q1016 NOSIG=,3,130,KT,251700,2025-12-26 03:23:03.607208
202512251700 METAR VASD 251700Z 13003KT 3000 FU NSC 19/06 Q1016 NOSIG=,3,130,KT,251700,2025-12-26 03:25:35.870617
202512251700 METAR VASD 251700Z 13003KT 3000 FU NSC 19/06 Q1016 NOSIG=,3,130,KT,251700,2025-12-26 03:33:04.366246
202512251700 METAR VASD 251700Z 13003KT 3000 FU NSC 19/06 Q1016 NOSIG=,3,130,KT,251700,2025-12-26 03:35:36.853773
202512251700 METAR VASD 251700Z 13003KT 3000 FU NSC 19/06 Q1016 NOSIG=,3,130,KT,251700,2025-12-26 03:43:05.014602
202512251700 METAR VASD 251700Z 13003KT 3000 FU NSC 19/06 Q1016 NOSIG=,3,130,KT,251700,2025-12-26 03:45:37.816588
202512251700 METAR VASD 251700Z 13003KT 3000 FU NSC 19/06 Q1016 NOSIG=,3,130,KT,251700,2025-12-26 03:53:05.672250
202512251700 METAR VASD 251700Z 13003KT 3000 FU NSC 19/06 Q1016 NOSIG=,3,130,KT,251700,2025-12-26 03:55:39.254317
202512251700 METAR VASD 251700Z 13003KT 3000 FU NSC 19/06 Q1016 NOSIG=,3,130,KT,251700,2025-12-26 04:03:06.936811
202512251700 METAR VASD 251700Z 13003KT 3000 FU NSC 19/06 Q1016 NOSIG=,3,130,KT,251700,2025-12-26 04:05:40.247170
202512251700 METAR VASD 251700Z 13003KT 3000 FU NSC 19/06 Q1016 NOSIG=,3,130,KT,251700,2025-12-26 04:13:09.171299
202512251700 METAR VASD 251700Z 13003KT 3000 FU NSC 19/06 Q1016 NOSIG=,3,130,KT,251700,2025-12-26 04:15:41.113203
202512251700 METAR VASD 251700Z 13003KT 3000 FU NSC 19/06 Q1016 NOSIG=,3,130,KT,251700,2025-12-26 04:23:10.131087
202512251700 METAR VASD 251700Z 13003KT 3000 FU NSC 19/06 Q1016 NOSIG=,3,130,KT,251700,2025-12-26 04:25:42.262130
VASD 251700Z 13003KT 3000 FU NSC 19/06 Q1016 NOSIG,3,130,KT,251700Z,2025-12-25 17:00:00
VANM 251600Z 00000KT 3000 HZ NSC 21/14 Q1013 NOSIG,0,0,KT,251600Z,2025-12-25 16:00:00
202512251700 METAR VASD 251700Z 13003KT 3000 FU NSC 19/06 Q1016 NOSIG=,3,130,KT,251700,2025-12-26 04:33:10.786040
202512251700 METAR VASD 251700Z 13003KT 3000 FU NSC 19/06 Q1016 NOSIG=,3,130,KT,251700,2025-12-26 04:35:43.163175
202512251700 METAR VASD 251700Z 13003KT 3000 FU NSC 19/06 Q1016 NOSIG=,3,130,KT,251700,2025-12-26 04:43:11.518913
202512251700 METAR VASD 251700Z 13003KT 3000 FU NSC 19/06 Q1016 NOSIG=,3,130,KT,251700,2025-12-26 04:45:44.490736
202512251700 METAR VASD 251700Z 13003KT 3000 FU NSC 19/06 Q1016 NOSIG=,3,130,KT,251700,2025-12-26 04:53:12.308601
202512251700 METAR VASD 251700Z 13003KT 3000 FU NSC 19/06 Q1016 NOSIG=,3,130,KT,251700,2025-12-26 04:55:45.526778
202512251700 METAR VASD 251700Z 13003KT 3000 FU NSC 19/06 Q1016 NOSIG=,3,130,KT,251700,2025-12-26 05:03:13.096753
202512251700 METAR VASD 251700Z 13003KT 3000 FU NSC 19/06 Q1016 NOSIG=,3,130,KT,251700,2025-12-26 05:05:46.825563
202512251700 METAR VASD 251700Z 13003KT 3000 FU NSC 19/06 Q1016 NOSIG=,3,130,KT,251700,2025-12-26 05:13:13.777727
202512251700 METAR VASD 251700Z 13003KT 3000 FU NSC 19/06 Q1016 NOSIG=,3,130,KT,251700,2025-12-26 05:15:47.804527
202512251700 METAR VASD 251700Z 13003KT 3000 FU NSC 19/06 Q1016 NOSIG=,3,130,KT,251700,2025-12-26 06:48:40.933646
202512251700 METAR VASD 251700Z 13003KT 3000 FU NSC 19/06 Q1016 NOSIG=,3,130,KT,251700,2025-12-26 07:47:07.665627
METAR VASD 260700Z 10005KT 2000 HZ NSC 23/08 Q1016 NOSIG,5,100,KT,260700,2025-12-26 12:59:51.816995
METAR VASD 260700Z 10005KT 2000 HZ NSC 23/08 Q1016 NOSIG,5,100,KT,260700,2025-12-26 13:02:27.083841
METAR VASD 260730Z 16004KT 2500 FU NSC 24/07 Q1016 NOSIG,4,160,KT,260730,2025-12-26 13:09:52.195129
METAR VASD 260730Z 16004KT 2500 FU NSC 24/07 Q1016 NOSIG,4,160,KT,260730,2025-12-26 13:12:28.089281
METAR VASD 260730Z 16004KT 2500 FU NSC 24/07 Q1016 NOSIG,4,160,KT,260730,2025-12-26 13:19:52.522438
METAR VASD 260730Z 16004KT 2500 FU NSC 24/07 Q1016 NOSIG,4,160,KT,260730,2025-12-26 13:22:34.251455
METAR VASD 260730Z 16004KT 2500 FU NSC 24/07 Q1016 NOSIG,4,160,KT,260730,2025-12-26 13:29:52.945016
METAR VASD 260730Z 16004KT 2500 FU NSC 24/07 Q1016 NOSIG,4,160,KT,260730,2025-12-26 13:32:34.913866
METAR VASD 260800Z 11006KT 3000 FU NSC 25/06 Q1015 NOSIG,6,110,KT,260800,2025-12-26 13:39:54.315082
METAR VASD 260800Z 11006KT 3000 FU NSC 25/06 Q1015 NOSIG,6,110,KT,260800,2025-12-26 13:42:35.550655
METAR VASD 260800Z 11006KT 3000 FU NSC 25/06 Q1015 NOSIG,6,110,KT,260800,2025-12-26 13:49:54.671569
METAR VASD 260800Z 11006KT 3000 FU NSC 25/06 Q1015 NOSIG,6,110,KT,260800,2025-12-26 13:52:36.192563
METAR VASD 260800Z 11006KT 3000 FU NSC 25/06 Q1015 NOSIG,6,110,KT,260800,2025-12-26 13:59:55.129317
METAR VASD 260830Z 08003KT 3000 FU NSC 25/06 Q1015 NOSIG,3,80,KT,260830,2025-12-26 14:02:37.101119
METAR VASD 260830Z 08003KT 3000 FU NSC 25/06 Q1015 NOSIG,3,80,KT,260830,2025-12-26 14:09:55.533406
METAR VASD 260830Z 08003KT 3000 FU NSC 25/06 Q1015 NOSIG,3,80,KT,260830,2025-12-26 14:12:39.460002
METAR VASD 260830Z 08003KT 3000 FU NSC 25/06 Q1015 NOSIG,3,80,KT,260830,2025-12-26 14:19:55.921769
METAR VASD 260830Z 08003KT 3000 FU NSC 25/06 Q1015 NOSIG,3,80,KT,260830,2025-12-26 14:22:40.381386
METAR VASD 260830Z 08003KT 3000 FU NSC 25/06 Q1015 NOSIG,3,80,KT,260830,2025-12-26 14:29:56.536641
METAR VASD 260900Z VRB01KT 3000 FU NSC 25/06 Q1014 NOSIG,1,0,KT,260900,2025-12-26 14:32:41.129761
METAR VASD 260900Z VRB01KT 3000 FU NSC 25/06 Q1014 NOSIG,1,0,KT,260900,2025-12-26 14:39:56.915283
METAR VASD 260900Z VRB01KT 3000 FU NSC 25/06 Q1014 NOSIG,1,0,KT,260900,2025-12-26 14:42:42.727927
METAR VASD 260900Z VRB01KT 3000 FU NSC 25/06 Q1014 NOSIG,1,0,KT,260900,2025-12-26 14:49:57.332466
METAR VASD 260900Z VRB01KT 3000 FU NSC 25/06 Q1014 NOSIG,1,0,KT,260900,2025-12-26 14:52:43.380400
METAR VASD 260900Z VRB01KT 3000 FU NSC 25/06 Q1014 NOSIG,1,0,KT,260900,2025-12-26 14:59:58.011468
METAR VASD 260930Z 12004KT 3000 FU NSC 25/06 Q1014 NOSIG,4,120,KT,260930,2025-12-26 15:02:44.053219
METAR VASD 260930Z 12004KT 3000 FU NSC 25/06 Q1014 NOSIG,4,120,KT,260930,2025-12-26 15:09:58.525642
METAR VASD 260930Z 12004KT 3000 FU NSC 25/06 Q1014 NOSIG,4,120,KT,260930,2025-12-26 15:12:44.823514
METAR VASD 260930Z 12004KT 3000 FU NSC 25/06 Q1014 NOSIG,4,120,KT,260930,2025-12-26 15:19:58.918127
METAR VASD 260930Z 12004KT 3000 FU NSC 25/06 Q1014 NOSIG,4,120,KT,260930,2025-12-26 15:22:45.742314
METAR VASD 260930Z 12004KT 3000 FU NSC 25/06 Q1014 NOSIG,4,120,KT,260930,2025-12-26 15:30:00.030672
METAR VASD 261000Z 08003KT 3000 FU NSC 26/06 Q1014 NOSIG,3,80,KT,261000,2025-12-26 15:32:46.425371
METAR VASD 261000Z 08003KT 3000 FU NSC 26/06 Q1014 NOSIG,3,80,KT,261000,2025-12-26 15:40:00.747520
METAR VASD 261000Z 08003KT 3000 FU NSC 26/06 Q1014 NOSIG,3,80,KT,261000,2025-12-26 15:42:47.160191
202512261000 METAR VASD 261000Z 08003KT 3000 FU NSC 26/06 Q1014 NOSIG=,3,80,KT,261000,2025-12-26 15:50:21.298792
METAR VASD 261000Z 08003KT 3000 FU NSC 26/06 Q1014 NOSIG,3,80,KT,261000,2025-12-26 15:52:47.817751
METAR VASD 261000Z 08003KT 3000 FU NSC 26/06 Q1014 NOSIG,3,80,KT,261000,2025-12-26 16:00:21.657768
METAR VASD 261000Z 08003KT 3000 FU NSC 26/06 Q1014 NOSIG,3,80,KT,261000,2025-12-26 16:02:48.478393
METAR VASD 261030Z 10002KT 3000 FU NSC 25/06 Q1014 NOSIG,2,100,KT,261030,2025-12-26 16:10:22.035830
METAR VASD 261030Z 10002KT 3000 FU NSC 25/06 Q1014 NOSIG,2,100,KT,261030,2025-12-26 16:12:50.204082
METAR VASD 261030Z 10002KT 3000 FU NSC 25/06 Q1014 NOSIG,2,100,KT,261030,2025-12-26 16:20:22.629470
METAR VASD 261030Z 10002KT 3000 FU NSC 25/06 Q1014 NOSIG,2,100,KT,261030,2025-12-26 16:22:51.015875
METAR VASD 261030Z 10002KT 3000 FU NSC 25/06 Q1014 NOSIG,2,100,KT,261030,2025-12-26 16:30:22.981394
METAR VASD 261100Z 07004KT 4000 FU NSC 25/06 Q1014 NOSIG,4,70,KT,261100,2025-12-26 16:32:51.650402
METAR VASD 261100Z 07004KT 4000 FU NSC 25/06 Q1014 NOSIG,4,70,KT,261100,2025-12-26 16:40:39.916963
METAR VASD 261100Z 07004KT 4000 FU NSC 25/06 Q1014 NOSIG,4,70,KT,261100,2025-12-26 16:42:52.636240
METAR VASD 261100Z 07004KT 4000 FU NSC 25/06 Q1014 NOSIG,4,70,KT,261100,2025-12-26 16:50:40.327786
METAR VASD 261100Z 07004KT 4000 FU NSC 25/06 Q1014 NOSIG,4,70,KT,261100,2025-12-26 16:52:53.338771
METAR VASD 261330Z 05003KT 3000 FU NSC 21/07 Q1015 NOSIG,3,50,KT,261330,2025-12-26 19:08:39.090503
METAR VASD 261330Z 05003KT 3000 FU NSC 21/07 Q1015 NOSIG,3,50,KT,261330,2025-12-26 19:10:52.381785
METAR VASD 261330Z 05003KT 3000 FU NSC 21/07 Q1015 NOSIG,3,50,KT,261330,2025-12-26 19:18:39.523956
METAR VASD 261330Z 05003KT 3000 FU NSC 21/07 Q1015 NOSIG,3,50,KT,261330,2025-12-26 19:20:53.160403
METAR VASD 261330Z 05003KT 3000 FU NSC 21/07 Q1015 NOSIG,3,50,KT,261330,2025-12-26 19:28:40.133722
METAR VASD 261330Z 05003KT 3000 FU NSC 21/07 Q1015 NOSIG,3,50,KT,261330,2025-12-26 19:30:53.841053
METAR VASD 261400Z 07003KT 3000 FU NSC 21/07 Q1015 NOSIG,3,70,KT,261400,2025-12-26 19:38:40.799002
METAR VASD 261400Z 07003KT 3000 FU NSC 21/07 Q1015 NOSIG,3,70,KT,261400,2025-12-26 19:40:54.507931
METAR VASD 261400Z 07003KT 3000 FU NSC 21/07 Q1015 NOSIG,3,70,KT,261400,2025-12-26 19:48:41.214290
METAR VASD 261400Z 07003KT 3000 FU NSC 21/07 Q1015 NOSIG,3,70,KT,261400,2025-12-26 19:50:57.066190
METAR VASD 261400Z 07003KT 3000 FU NSC 21/07 Q1015 NOSIG,3,70,KT,261400,2025-12-26 19:58:41.860338
METAR VASD 261430Z 08003KT 3000 FU NSC 21/07 Q1015 NOSIG,3,80,KT,261430,2025-12-26 20:00:57.693026
METAR VASD 261430Z 08003KT 3000 FU NSC 21/07 Q1015 NOSIG,3,80,KT,261430,2025-12-26 20:08:42.685119
METAR VASD 261430Z 08003KT 3000 FU NSC 21/07 Q1015 NOSIG,3,80,KT,261430,2025-12-26 20:10:58.293121
METAR VASD 261430Z 08003KT 3000 FU NSC 21/07 Q1015 NOSIG,3,80,KT,261430,2025-12-26 20:18:43.954408
METAR VASD 261430Z 08003KT 3000 FU NSC 21/07 Q1015 NOSIG,3,80,KT,261430,2025-12-26 20:20:59.323644
METAR VASD 261430Z 08003KT 3000 FU NSC 21/07 Q1015 NOSIG,3,80,KT,261430,2025-12-26 20:28:44.316909
METAR VASD 261430Z 08003KT 3000 FU NSC 21/07 Q1015 NOSIG,3,80,KT,261430,2025-12-26 20:31:00.016982
METAR VASD 261430Z 08003KT 3000 FU NSC 21/07 Q1015 NOSIG,3,80,KT,261430,2025-12-26 20:38:44.850712
METAR VASD 261500Z 15003KT 3000 FU NSC 20/07 Q1016 NOSIG,3,150,KT,261500,2025-12-26 20:41:00.720965
METAR VASD 261500Z 15003KT 3000 FU NSC 20/07 Q1016 NOSIG,3,150,KT,261500,2025-12-26 20:48:45.256878
METAR VASD 261500Z 15003KT 3000 FU NSC 20/07 Q1016 NOSIG,3,150,KT,261500,2025-12-26 20:51:01.445803
METAR VASD 261500Z 15003KT 3000 FU NSC 20/07 Q1016 NOSIG,3,150,KT,261500,2025-12-26 20:58:45.657397
METAR VASD 261530Z 16003KT 3000 FU NSC 19/07 Q1016 NOSIG,3,160,KT,261530,2025-12-26 21:01:02.127844
METAR VASD 261530Z 16003KT 3000 FU NSC 19/07 Q1016 NOSIG,3,160,KT,261530,2025-12-26 21:08:46.224605
METAR VASD 261530Z 16003KT 3000 FU NSC 19/07 Q1016 NOSIG,3,160,KT,261530,2025-12-26 21:11:02.732817
METAR VASD 261530Z 16003KT 3000 FU NSC 19/07 Q1016 NOSIG,3,160,KT,261530,2025-12-26 21:18:46.846659
METAR VASD 261530Z 16003KT 3000 FU NSC 19/07 Q1016 NOSIG,3,160,KT,261530,2025-12-26 21:21:03.759433
METAR VASD 261530Z 16003KT 3000 FU NSC 19/07 Q1016 NOSIG,3,160,KT,261530,2025-12-26 21:28:47.345427
METAR VASD 261530Z 16003KT 3000 FU NSC 19/07 Q1016 NOSIG,3,160,KT,261530,2025-12-26 21:31:04.584857
METAR VASD 261600Z 06003KT 3000 FU NSC 18/08 Q1016 NOSIG,3,60,KT,261600,2025-12-26 21:38:47.717160
METAR VASD 261600Z 06003KT 3000 FU NSC 18/08 Q1016 NOSIG,3,60,KT,261600,2025-12-26 21:41:05.257175
METAR VASD 261600Z 06003KT 3000 FU NSC 18/08 Q1016 NOSIG,3,60,KT,261600,2025-12-26 21:48:48.180718
METAR VASD 261600Z 06003KT 3000 FU NSC 18/08 Q1016 NOSIG,3,60,KT,261600,2025-12-26 21:51:07.743738
METAR VASD 261600Z 06003KT 3000 FU NSC 18/08 Q1016 NOSIG,3,60,KT,261600,2025-12-26 21:58:48.879075
METAR VASD 261630Z 06004KT 3000 FU NSC 19/07 Q1016 NOSIG,4,60,KT,261630,2025-12-26 22:01:08.435018
METAR VASD 261630Z 06004KT 3000 FU NSC 19/07 Q1016 NOSIG,4,60,KT,261630,2025-12-26 22:08:50.093137
METAR VASD 261630Z 06004KT 3000 FU NSC 19/07 Q1016 NOSIG,4,60,KT,261630,2025-12-26 22:11:09.328046
METAR VASD 261630Z 06004KT 3000 FU NSC 19/07 Q1016 NOSIG,4,60,KT,261630,2025-12-26 22:18:50.898288
METAR VASD 261630Z 06004KT 3000 FU NSC 19/07 Q1016 NOSIG,4,60,KT,261630,2025-12-26 22:21:09.981762
METAR VASD 261630Z 06004KT 3000 FU NSC 19/07 Q1016 NOSIG,4,60,KT,261630,2025-12-26 22:28:51.282165
METAR VASD 261700Z 07003KT 3000 FU NSC 18/07 Q1016 NOSIG,3,70,KT,261700,2025-12-26 22:31:10.590669
METAR VASD 261700Z 07003KT 3000 FU NSC 18/07 Q1016 NOSIG,3,70,KT,261700,2025-12-26 22:38:51.807475
METAR VASD 261700Z 07003KT 3000 FU NSC 18/07 Q1016 NOSIG,3,70,KT,261700,2025-12-26 22:41:11.245171
METAR VASD 261700Z 07003KT 3000 FU NSC 18/07 Q1016 NOSIG,3,70,KT,261700,2025-12-26 22:48:53.232029
METAR VASD 261700Z 07003KT 3000 FU NSC 18/07 Q1016 NOSIG,3,70,KT,261700,2025-12-26 22:51:12.890762
METAR VASD 261700Z 07003KT 3000 FU NSC 18/07 Q1016 NOSIG,3,70,KT,261700,2025-12-26 22:58:53.659171
METAR VASD 261700Z 07003KT 3000 FU NSC 18/07 Q1016 NOSIG,3,70,KT,261700,2025-12-26 23:01:13.825893
METAR VASD 261730Z 06003KT 3000 FU NSC 18/08 Q1016 NOSIG,3,60,KT,261730,2025-12-26 23:08:54.058832
METAR VASD 261730Z 06003KT 3000 FU NSC 18/08 Q1016 NOSIG,3,60,KT,261730,2025-12-26 23:11:14.503878
METAR VASD 261730Z 06003KT 3000 FU NSC 18/08 Q1016 NOSIG,3,60,KT,261730,2025-12-26 23:18:54.426285
METAR VASD 261730Z 06003KT 3000 FU NSC 18/08 Q1016 NOSIG,3,60,KT,261730,2025-12-26 23:21:15.116133
METAR VASD 261730Z 06003KT 3000 FU NSC 18/08 Q1016 NOSIG,3,60,KT,261730,2025-12-26 23:28:54.805371
METAR VASD 261730Z 06003KT 3000 FU NSC 18/08 Q1016 NOSIG,3,60,KT,261730,2025-12-26 23:31:18.762677
METAR VASD 261730Z 06003KT 3000 FU NSC 18/08 Q1016 NOSIG,3,60,KT,261730,2025-12-26 23:38:55.169023
METAR VASD 261730Z 06003KT 3000 FU NSC 18/08 Q1016 NOSIG,3,60,KT,261730,2025-12-26 23:41:19.621406
METAR VASD 261730Z 06003KT 3000 FU NSC 18/08 Q1016 NOSIG,3,60,KT,261730,2025-12-26 23:48:55.529737
METAR VASD 261730Z 06003KT 3000 FU NSC 18/08 Q1016 NOSIG,3,60,KT,261730,2025-12-26 23:51:32.744670
METAR VASD 261730Z 06003KT 3000 FU NSC 18/08 Q1016 NOSIG,3,60,KT,261730,2025-12-26 23:58:55.877299
METAR VASD 261730Z 06003KT 3000 FU NSC 18/08 Q1016 NOSIG,3,60,KT,261730,2025-12-27 00:01:33.368254
METAR VASD 261730Z 06003KT 3000 FU NSC 18/08 Q1016 NOSIG,3,60,KT,261730,2025-12-27 00:08:56.223078
METAR VASD 261730Z 06003KT 3000 FU NSC 18/08 Q1016 NOSIG,3,60,KT,261730,2025-12-27 00:11:34.431372
METAR VASD 261730Z 06003KT 3000 FU NSC 18/08 Q1016 NOSIG,3,60,KT,261730,2025-12-27 00:18:56.589545
METAR VASD 261730Z 06003KT 3000 FU NSC 18/08 Q1016 NOSIG,3,60,KT,261730,2025-12-27 00:21:35.094938
METAR VASD 261730Z 06003KT 3000 FU NSC 18/08 Q1016 NOSIG,3,60,KT,261730,2025-12-27 00:28:57.353085
METAR VASD 261730Z 06003KT 3000 FU NSC 18/08 Q1016 NOSIG,3,60,KT,261730,2025-12-27 00:31:35.803670
METAR VASD 261730Z 06003KT 3000 FU NSC 18/08 Q1016 NOSIG,3,60,KT,261730,2025-12-27 00:38:57.757908
METAR VASD 261730Z 06003KT 3000 FU NSC 18/08 Q1016 NOSIG,3,60,KT,261730,2025-12-27 00:41:36.942498
METAR VASD 261730Z 06003KT 3000 FU NSC 18/08 Q1016 NOSIG,3,60,KT,261730,2025-12-27 00:48:58.423980
METAR VASD 261730Z 06003KT 3000 FU NSC 18/08 Q1016 NOSIG,3,60,KT,261730,2025-12-27 00:51:37.864152
METAR VASD 261730Z 06003KT 3000 FU NSC 18/08 Q1016 NOSIG,3,60,KT,261730,2025-12-27 00:58:58.811102
202512261730 METAR VASD 261730Z 06003KT 3000 FU NSC 18/08 Q1016 NOSIG=,3,60,KT,261730,2025-12-27 01:01:38.958717
202512261730 METAR VASD 261730Z 06003KT 3000 FU NSC 18/08 Q1016 NOSIG=,3,60,KT,261730,2025-12-27 01:08:59.556941
202512261730 METAR VASD 261730Z 06003KT 3000 FU NSC 18/08 Q1016 NOSIG=,3,60,KT,261730,2025-12-27 01:11:39.926059
202512261730 METAR VASD 261730Z 06003KT 3000 FU NSC 18/08 Q1016 NOSIG=,3,60,KT,261730,2025-12-27 01:19:00.266232
202512261730 METAR VASD 261730Z 06003KT 3000 FU NSC 18/08 Q1016 NOSIG=,3,60,KT,261730,2025-12-27 01:21:41.013032
202512261730 METAR VASD 261730Z 06003KT 3000 FU NSC 18/08 Q1016 NOSIG=,3,60,KT,261730,2025-12-27 01:29:03.270091
202512261730 METAR VASD 261730Z 06003KT 3000 FU NSC 18/08 Q1016 NOSIG=,3,60,KT,261730,2025-12-27 01:31:41.976414
202512261730 METAR VASD 261730Z 06003KT 3000 FU NSC 18/08 Q1016 NOSIG=,3,60,KT,261730,2025-12-27 01:39:04.073908
202512261730 METAR VASD 261730Z 06003KT 3000 FU NSC 18/08 Q1016 NOSIG=,3,60,KT,261730,2025-12-27 01:41:43.015599
202512261730 METAR VASD 261730Z 06003KT 3000 FU NSC 18/08 Q1016 NOSIG=,3,60,KT,261730,2025-12-27 01:49:04.811119
202512261730 METAR VASD 261730Z 06003KT 3000 FU NSC 18/08 Q1016 NOSIG=,3,60,KT,261730,2025-12-27 01:51:44.262161
202512261730 METAR VASD 261730Z 06003KT 3000 FU NSC 18/08 Q1016 NOSIG=,3,60,KT,261730,2025-12-27 01:59:06.480677
202512261730 METAR VASD 261730Z 06003KT 3000 FU NSC 18/08 Q1016 NOSIG=,3,60,KT,261730,2025-12-27 02:01:45.949828
202512261730 METAR VASD 261730Z 06003KT 3000 FU NSC 18/08 Q1016 NOSIG=,3,60,KT,261730,2025-12-27 02:09:07.178839
202512261730 METAR VASD 261730Z 06003KT 3000 FU NSC 18/08 Q1016 NOSIG=,3,60,KT,261730,2025-12-27 02:11:48.463453
202512261730 METAR VASD 261730Z 06003KT 3000 FU NSC 18/08 Q1016 NOSIG=,3,60,KT,261730,2025-12-27 02:19:09.282569
202512261730 METAR VASD 261730Z 06003KT 3000 FU NSC 18/08 Q1016 NOSIG=,3,60,KT,261730,2025-12-27 02:21:49.488571
202512261730 METAR VASD 261730Z 06003KT 3000 FU NSC 18/08 Q1016 NOSIG=,3,60,KT,261730,2025-12-27 02:29:11.749576
202512261730 METAR VASD 261730Z 06003KT 3000 FU NSC 18/08 Q1016 NOSIG=,3,60,KT,261730,2025-12-27 02:31:50.425885
202512261730 METAR VASD 261730Z 06003KT 3000 FU NSC 18/08 Q1016 NOSIG=,3,60,KT,261730,2025-12-27 02:39:12.760207
202512261730 METAR VASD 261730Z 06003KT 3000 FU NSC 18/08 Q1016 NOSIG=,3,60,KT,261730,2025-12-27 02:41:51.462164
202512261730 METAR VASD 261730Z 06003KT 3000 FU NSC 18/08 Q1016 NOSIG=,3,60,KT,261730,2025-12-27 02:49:13.778271
202512261730 METAR VASD 261730Z 06003KT 3000 FU NSC 18/08 Q1016 NOSIG=,3,60,KT,261730,2025-12-27 02:51:52.904791
202512261730 METAR VASD 261730Z 06003KT 3000 FU NSC 18/08 Q1016 NOSIG=,3,60,KT,261730,2025-12-27 02:59:14.686678
202512261730 METAR VASD 261730Z 06003KT 3000 FU NSC 18/08 Q1016 NOSIG=,3,60,KT,261730,2025-12-27 03:01:54.321615
202512261730 METAR VASD 261730Z 06003KT 3000 FU NSC 18/08 Q1016 NOSIG=,3,60,KT,261730,2025-12-27 03:09:15.561618
202512261730 METAR VASD 261730Z 06003KT 3000 FU NSC 18/08 Q1016 NOSIG=,3,60,KT,261730,2025-12-27 03:11:55.207491
202512261730 METAR VASD 261730Z 06003KT 3000 FU NSC 18/08 Q1016 NOSIG=,3,60,KT,261730,2025-12-27 03:19:16.870358
202512261730 METAR VASD 261730Z 06003KT 3000 FU NSC 18/08 Q1016 NOSIG=,3,60,KT,261730,2025-12-27 03:21:56.472880
202512261730 METAR VASD 261730Z 06003KT 3000 FU NSC 18/08 Q1016 NOSIG=,3,60,KT,261730,2025-12-27 03:29:17.545966
202512261730 METAR VASD 261730Z 06003KT 3000 FU NSC 18/08 Q1016 NOSIG=,3,60,KT,261730,2025-12-27 03:31:57.491611
202512261730 METAR VASD 261730Z 06003KT 3000 FU NSC 18/08 Q1016 NOSIG=,3,60,KT,261730,2025-12-27 03:39:18.251107
202512261730 METAR VASD 261730Z 06003KT 3000 FU NSC 18/08 Q1016 NOSIG=,3,60,KT,261730,2025-12-27 03:41:58.515681
202512261730 METAR VASD 261730Z 06003KT 3000 FU NSC 18/08 Q1016 NOSIG=,3,60,KT,261730,2025-12-27 03:49:19.004292
202512261730 METAR VASD 261730Z 06003KT 3000 FU NSC 18/08 Q1016 NOSIG=,3,60,KT,261730,2025-12-27 03:51:59.420052
202512261730 METAR VASD 261730Z 06003KT 3000 FU NSC 18/08 Q1016 NOSIG=,3,60,KT,261730,2025-12-27 03:59:28.146408
202512261730 METAR VASD 261730Z 06003KT 3000 FU NSC 18/08 Q1016 NOSIG=,3,60,KT,261730,2025-12-27 04:02:00.382297
202512261730 METAR VASD 261730Z 06003KT 3000 FU NSC 18/08 Q1016 NOSIG=,3,60,KT,261730,2025-12-27 04:09:29.753214
202512261730 METAR VASD 261730Z 06003KT 3000 FU NSC 18/08 Q1016 NOSIG=,3,60,KT,261730,2025-12-27 04:12:01.313497
202512261730 METAR VASD 261730Z 06003KT 3000 FU NSC 18/08 Q1016 NOSIG=,3,60,KT,261730,2025-12-27 04:19:30.558726
202512261730 METAR VASD 261730Z 06003KT 3000 FU NSC 18/08 Q1016 NOSIG=,3,60,KT,261730,2025-12-27 04:22:02.333660
202512261730 METAR VASD 261730Z 06003KT 3000 FU NSC 18/08 Q1016 NOSIG=,3,60,KT,261730,2025-12-27 04:29:31.293685
202512261730 METAR VASD 261730Z 06003KT 3000 FU NSC 18/08 Q1016 NOSIG=,3,60,KT,261730,2025-12-27 04:32:03.378074
202512261730 METAR VASD 261730Z 06003KT 3000 FU NSC 18/08 Q1016 NOSIG=,3,60,KT,261730,2025-12-27 04:39:35.979894
202512261730 METAR VASD 261730Z 06003KT 3000 FU NSC 18/08 Q1016 NOSIG=,3,60,KT,261730,2025-12-27 04:42:04.643257
202512261730 METAR VASD 261730Z 06003KT 3000 FU NSC 18/08 Q1016 NOSIG=,3,60,KT,261730,2025-12-27 04:49:36.744428
202512261730 METAR VASD 261730Z 06003KT 3000 FU NSC 18/08 Q1016 NOSIG=,3,60,KT,261730,2025-12-27 04:52:08.938782
202512261730 METAR VASD 261730Z 06003KT 3000 FU NSC 18/08 Q1016 NOSIG=,3,60,KT,261730,2025-12-27 04:59:37.855398
202512261730 METAR VASD 261730Z 06003KT 3000 FU NSC 18/08 Q1016 NOSIG=,3,60,KT,261730,2025-12-27 05:02:10.679696
202512261730 METAR VASD 261730Z 06003KT 3000 FU NSC 18/08 Q1016 NOSIG=,3,60,KT,261730,2025-12-27 05:09:38.893957
202512261730 METAR VASD 261730Z 06003KT 3000 FU NSC 18/08 Q1016 NOSIG=,3,60,KT,261730,2025-12-27 05:12:11.865661
202512261730 METAR VASD 261730Z 06003KT 3000 FU NSC 18/08 Q1016 NOSIG=,3,60,KT,261730,2025-12-27 05:19:39.846475
202512261730 METAR VASD 261730Z 06003KT 3000 FU NSC 18/08 Q1016 NOSIG=,3,60,KT,261730,2025-12-27 05:22:15.795539
202512261730 METAR VASD 261730Z 06003KT 3000 FU NSC 18/08 Q1016 NOSIG=,3,60,KT,261730,2025-12-27 05:29:40.503909
202512261730 METAR VASD 261730Z 06003KT 3000 FU NSC 18/08 Q1016 NOSIG=,3,60,KT,261730,2025-12-27 05:32:16.805902
202512261730 METAR VASD 261730Z 06003KT 3000 FU NSC 18/08 Q1016 NOSIG=,3,60,KT,261730,2025-12-27 05:39:41.480416
202512261730 METAR VASD 261730Z 06003KT 3000 FU NSC 18/08 Q1016 NOSIG=,3,60,KT,261730,2025-12-27 05:42:17.754711
METAR VASD 270900Z 09005KT 3000 FU NSC 25/07 Q1015 NOSIG,5,90,KT,270900,2025-12-27 14:51:03.293197
METAR VASD 271000Z 06004KT 3000 FU NSC 26/07 Q1014 NOSIG,4,60,KT,271000,2025-12-27 15:49:18.729026
METAR VASD 271000Z 06004KT 3000 FU NSC 26/07 Q1014 NOSIG,4,60,KT,271000,2025-12-27 15:56:43.033011
METAR VASD 271000Z 06004KT 3000 FU NSC 26/07 Q1014 NOSIG,4,60,KT,271000,2025-12-27 15:59:28.041239
METAR VASD 271030Z 10003KT 3000 FU NSC 25/06 Q1014 NOSIG,3,100,KT,271030,2025-12-27 16:06:43.434474
METAR VASD 271030Z 10003KT 3000 FU NSC 25/06 Q1014 NOSIG,3,100,KT,271030,2025-12-27 16:09:29.077823
METAR VASD 271030Z 10003KT 3000 FU NSC 25/06 Q1014 NOSIG,3,100,KT,271030,2025-12-27 16:16:43.826518
METAR VASD 271030Z 10003KT 3000 FU NSC 25/06 Q1014 NOSIG,3,100,KT,271030,2025-12-27 16:19:29.736108
METAR VASD 271030Z 10003KT 3000 FU NSC 25/06 Q1014 NOSIG,3,100,KT,271030,2025-12-27 16:26:44.554889
METAR VASD 271030Z 10003KT 3000 FU NSC 25/06 Q1014 NOSIG,3,100,KT,271030,2025-12-27 16:29:31.417007
METAR VASD 271100Z 05004KT 3000 FU NSC 26/06 Q1014 NOSIG,4,50,KT,271100,2025-12-27 16:36:45.002753
METAR VASD 271100Z 05004KT 3000 FU NSC 26/06 Q1014 NOSIG,4,50,KT,271100,2025-12-27 16:39:32.125509
METAR VASD 271100Z 05004KT 3000 FU NSC 26/06 Q1014 NOSIG,4,50,KT,271100,2025-12-27 16:46:45.480557
METAR VASD 271100Z 05004KT 3000 FU NSC 26/06 Q1014 NOSIG,4,50,KT,271100,2025-12-27 16:49:32.944393
METAR VASD 271100Z 05004KT 3000 FU NSC 26/06 Q1014 NOSIG,4,50,KT,271100,2025-12-27 16:56:46.058585
METAR VASD 271100Z 05004KT 3000 FU NSC 26/06 Q1014 NOSIG,4,50,KT,271100,2025-12-27 16:59:33.739419
METAR VASD 271130Z 07004KT 3000 FU NSC 25/05 Q1014 NOSIG,4,70,KT,271130,2025-12-27 17:06:46.439438
METAR VASD 271130Z 07004KT 3000 FU NSC 25/05 Q1014 NOSIG,4,70,KT,271130,2025-12-27 17:09:34.654131
METAR VASD 271130Z 07004KT 3000 FU NSC 25/05 Q1014 NOSIG,4,70,KT,271130,2025-12-27 17:16:46.822579
METAR VASD 271130Z 07004KT 3000 FU NSC 25/05 Q1014 NOSIG,4,70,KT,271130,2025-12-27 17:19:35.357512
METAR VASD 271130Z 07004KT 3000 FU NSC 25/05 Q1014 NOSIG,4,70,KT,271130,2025-12-27 17:26:47.196843
METAR VASD 271130Z 07004KT 3000 FU NSC 25/05 Q1014 NOSIG,4,70,KT,271130,2025-12-27 17:29:36.400335
METAR VASD 271200Z 03003KT 3000 FU NSC 24/08 Q1014 NOSIG,3,30,KT,271200,2025-12-27 17:36:49.539383
METAR VASD 271200Z 03003KT 3000 FU NSC 24/08 Q1014 NOSIG,3,30,KT,271200,2025-12-27 17:39:38.586188
METAR VASD 271200Z 03003KT 3000 FU NSC 24/08 Q1014 NOSIG,3,30,KT,271200,2025-12-27 17:46:50.048458
METAR VASD 271200Z 03003KT 3000 FU NSC 24/08 Q1014 NOSIG,3,30,KT,271200,2025-12-27 17:49:39.500693
METAR VASD 271400Z 06005KT 2500 FU NSC 22/07 Q1016 NOSIG,5,60,KT,271400,2025-12-27 20:01:58.712714
METAR VASD 271430Z 05005KT 2500 FU NSC 21/07 Q1016 NOSIG,5,50,KT,271430,2025-12-27 20:04:48.128054
METAR VASD 271430Z 05005KT 2500 FU NSC 21/07 Q1016 NOSIG,5,50,KT,271430,2025-12-27 20:11:59.112240
METAR VASD 271430Z 05005KT 2500 FU NSC 21/07 Q1016 NOSIG,5,50,KT,271430,2025-12-27 20:14:49.083326
METAR VASD 271430Z 05005KT 2500 FU NSC 21/07 Q1016 NOSIG,5,50,KT,271430,2025-12-27 20:21:59.619577
METAR VASD 271430Z 05005KT 2500 FU NSC 21/07 Q1016 NOSIG,5,50,KT,271430,2025-12-27 20:24:49.753026
METAR VASD 271430Z 05005KT 2500 FU NSC 21/07 Q1016 NOSIG,5,50,KT,271430,2025-12-27 20:32:00.051535
METAR VASD 271430Z 05005KT 2500 FU NSC 21/07 Q1016 NOSIG,5,50,KT,271430,2025-12-27 20:34:50.678539
METAR VASD 271500Z 05001KT 2500 FU NSC 20/08 Q1016 NOSIG,1,50,KT,271500,2025-12-27 20:42:00.531654
METAR VASD 271500Z 05001KT 2500 FU NSC 20/08 Q1016 NOSIG,1,50,KT,271500,2025-12-27 20:44:51.391064
METAR VASD 271500Z 05001KT 2500 FU NSC 20/08 Q1016 NOSIG,1,50,KT,271500,2025-12-27 20:52:00.955451
METAR VASD 271500Z 05001KT 2500 FU NSC 20/08 Q1016 NOSIG,1,50,KT,271500,2025-12-27 20:54:51.993347
METAR VASD 271500Z 05001KT 2500 FU NSC 20/08 Q1016 NOSIG,1,50,KT,271500,2025-12-27 21:02:01.342769
METAR VASD 271530Z 11003KT 2500 FU NSC 20/07 Q1016 NOSIG,3,110,KT,271530,2025-12-27 21:04:52.694035
METAR VASD 271530Z 11003KT 2500 FU NSC 20/07 Q1016 NOSIG,3,110,KT,271530,2025-12-27 21:12:02.045931
METAR VASD 271530Z 11003KT 2500 FU NSC 20/07 Q1016 NOSIG,3,110,KT,271530,2025-12-27 21:14:53.674437
METAR VASD 271530Z 11003KT 2500 FU NSC 20/07 Q1016 NOSIG,3,110,KT,271530,2025-12-27 21:22:02.410190
METAR VASD 271530Z 11003KT 2500 FU NSC 20/07 Q1016 NOSIG,3,110,KT,271530,2025-12-27 21:24:54.357831
METAR VASD 271530Z 11003KT 2500 FU NSC 20/07 Q1016 NOSIG,3,110,KT,271530,2025-12-27 21:32:02.773278
METAR VASD 271530Z 11003KT 2500 FU NSC 20/07 Q1016 NOSIG,3,110,KT,271530,2025-12-27 21:34:55.005782
METAR VASD 271600Z 05004KT 2500 FU NSC 18/08 Q1016 NOSIG,4,50,KT,271600,2025-12-27 21:42:04.228480
METAR VASD 271600Z 05004KT 2500 FU NSC 18/08 Q1016 NOSIG,4,50,KT,271600,2025-12-27 21:44:55.719326
METAR VASD 271600Z 05004KT 2500 FU NSC 18/08 Q1016 NOSIG,4,50,KT,271600,2025-12-27 21:52:04.600289
METAR VASD 271600Z 05004KT 2500 FU NSC 18/08 Q1016 NOSIG,4,50,KT,271600,2025-12-27 21:54:56.532561
METAR VASD 271700Z 04005KT 2500 FU NSC 18/10 Q1017 NOSIG,5,40,KT,271700,2025-12-28 00:14:12.659516
METAR VASD 271700Z 04005KT 2500 FU NSC 18/10 Q1017 NOSIG,5,40,KT,271700,2025-12-28 00:17:02.498192
METAR VASD 271700Z 04005KT 2500 FU NSC 18/10 Q1017 NOSIG,5,40,KT,271700,2025-12-28 00:24:13.086599
METAR VASD 271700Z 04005KT 2500 FU NSC 18/10 Q1017 NOSIG,5,40,KT,271700,2025-12-28 00:27:03.390565
202512271700 METAR VASD 271700Z 04005KT 2500 FU NSC 18/10 Q1017 NOSIG=,5,40,KT,271700,2025-12-28 00:34:14.006127
202512271700 METAR VASD 271700Z 04005KT 2500 FU NSC 18/10 Q1017 NOSIG=,5,40,KT,271700,2025-12-28 00:37:04.397540
202512271700 METAR VASD 271700Z 04005KT 2500 FU NSC 18/10 Q1017 NOSIG=,5,40,KT,271700,2025-12-28 00:44:14.666513
202512271700 METAR VASD 271700Z 04005KT 2500 FU NSC 18/10 Q1017 NOSIG=,5,40,KT,271700,2025-12-28 00:47:05.361824
202512271700 METAR VASD 271700Z 04005KT 2500 FU NSC 18/10 Q1017 NOSIG=,5,40,KT,271700,2025-12-28 00:54:15.473991
202512271700 METAR VASD 271700Z 04005KT 2500 FU NSC 18/10 Q1017 NOSIG=,5,40,KT,271700,2025-12-28 00:57:06.543546
202512271700 METAR VASD 271700Z 04005KT 2500 FU NSC 18/10 Q1017 NOSIG=,5,40,KT,271700,2025-12-28 01:04:16.382062
202512271700 METAR VASD 271700Z 04005KT 2500 FU NSC 18/10 Q1017 NOSIG=,5,40,KT,271700,2025-12-28 01:07:07.662731
202512271700 METAR VASD 271700Z 04005KT 2500 FU NSC 18/10 Q1017 NOSIG=,5,40,KT,271700,2025-12-28 01:14:20.502441
202512271700 METAR VASD 271700Z 04005KT 2500 FU NSC 18/10 Q1017 NOSIG=,5,40,KT,271700,2025-12-28 01:17:10.257708
202512271700 METAR VASD 271700Z 04005KT 2500 FU NSC 18/10 Q1017 NOSIG=,5,40,KT,271700,2025-12-28 01:24:22.935982
202512271700 METAR VASD 271700Z 04005KT 2500 FU NSC 18/10 Q1017 NOSIG=,5,40,KT,271700,2025-12-28 01:27:11.341747
202512271700 METAR VASD 271700Z 04005KT 2500 FU NSC 18/10 Q1017 NOSIG=,5,40,KT,271700,2025-12-28 01:34:23.982408
202512271700 METAR VASD 271700Z 04005KT 2500 FU NSC 18/10 Q1017 NOSIG=,5,40,KT,271700,2025-12-28 01:37:12.526148
202512271700 METAR VASD 271700Z 04005KT 2500 FU NSC 18/10 Q1017 NOSIG=,5,40,KT,271700,2025-12-28 01:44:31.924268
202512271700 METAR VASD 271700Z 04005KT 2500 FU NSC 18/10 Q1017 NOSIG=,5,40,KT,271700,2025-12-28 01:47:14.229951
202512271700 METAR VASD 271700Z 04005KT 2500 FU NSC 18/10 Q1017 NOSIG=,5,40,KT,271700,2025-12-28 01:54:32.987112
202512271700 METAR VASD 271700Z 04005KT 2500 FU NSC 18/10 Q1017 NOSIG=,5,40,KT,271700,2025-12-28 01:57:15.142749
202512271700 METAR VASD 271700Z 04005KT 2500 FU NSC 18/10 Q1017 NOSIG=,5,40,KT,271700,2025-12-28 02:04:34.112411
202512271700 METAR VASD 271700Z 04005KT 2500 FU NSC 18/10 Q1017 NOSIG=,5,40,KT,271700,2025-12-28 02:07:16.353260
202512271700 METAR VASD 271700Z 04005KT 2500 FU NSC 18/10 Q1017 NOSIG=,5,40,KT,271700,2025-12-28 02:14:35.800231
202512271700 METAR VASD 271700Z 04005KT 2500 FU NSC 18/10 Q1017 NOSIG=,5,40,KT,271700,2025-12-28 02:17:17.345991
202512271700 METAR VASD 271700Z 04005KT 2500 FU NSC 18/10 Q1017 NOSIG=,5,40,KT,271700,2025-12-28 02:24:36.900911
202512271700 METAR VASD 271700Z 04005KT 2500 FU NSC 18/10 Q1017 NOSIG=,5,40,KT,271700,2025-12-28 02:27:18.345310
202512271700 METAR VASD 271700Z 04005KT 2500 FU NSC 18/10 Q1017 NOSIG=,5,40,KT,271700,2025-12-28 02:34:37.786011
202512271700 METAR VASD 271700Z 04005KT 2500 FU NSC 18/10 Q1017 NOSIG=,5,40,KT,271700,2025-12-28 02:37:19.326712
202512271700 METAR VASD 271700Z 04005KT 2500 FU NSC 18/10 Q1017 NOSIG=,5,40,KT,271700,2025-12-28 02:44:38.572587
202512271700 METAR VASD 271700Z 04005KT 2500 FU NSC 18/10 Q1017 NOSIG=,5,40,KT,271700,2025-12-28 02:47:20.271404
202512271700 METAR VASD 271700Z 04005KT 2500 FU NSC 18/10 Q1017 NOSIG=,5,40,KT,271700,2025-12-28 02:54:39.333639
202512271700 METAR VASD 271700Z 04005KT 2500 FU NSC 18/10 Q1017 NOSIG=,5,40,KT,271700,2025-12-28 02:57:23.133639
202512271700 METAR VASD 271700Z 04005KT 2500 FU NSC 18/10 Q1017 NOSIG=,5,40,KT,271700,2025-12-28 03:04:40.126468
202512271700 METAR VASD 271700Z 04005KT 2500 FU NSC 18/10 Q1017 NOSIG=,5,40,KT,271700,2025-12-28 03:07:24.055509
202512271700 METAR VASD 271700Z 04005KT 2500 FU NSC 18/10 Q1017 NOSIG=,5,40,KT,271700,2025-12-28 03:14:41.000406
202512271700 METAR VASD 271700Z 04005KT 2500 FU NSC 18/10 Q1017 NOSIG=,5,40,KT,271700,2025-12-28 03:17:25.004721
202512271700 METAR VASD 271700Z 04005KT 2500 FU NSC 18/10 Q1017 NOSIG=,5,40,KT,271700,2025-12-28 03:24:41.681790
202512271700 METAR VASD 271700Z 04005KT 2500 FU NSC 18/10 Q1017 NOSIG=,5,40,KT,271700,2025-12-28 03:27:26.116333
202512271700 METAR VASD 271700Z 04005KT 2500 FU NSC 18/10 Q1017 NOSIG=,5,40,KT,271700,2025-12-28 03:34:42.356537
202512271700 METAR VASD 271700Z 04005KT 2500 FU NSC 18/10 Q1017 NOSIG=,5,40,KT,271700,2025-12-28 03:37:27.062816
202512271700 METAR VASD 271700Z 04005KT 2500 FU NSC 18/10 Q1017 NOSIG=,5,40,KT,271700,2025-12-28 03:44:43.241611
202512271700 METAR VASD 271700Z 04005KT 2500 FU NSC 18/10 Q1017 NOSIG=,5,40,KT,271700,2025-12-28 03:47:28.269223
202512271700 METAR VASD 271700Z 04005KT 2500 FU NSC 18/10 Q1017 NOSIG=,5,40,KT,271700,2025-12-28 03:54:44.517975
202512271700 METAR VASD 271700Z 04005KT 2500 FU NSC 18/10 Q1017 NOSIG=,5,40,KT,271700,2025-12-28 03:57:29.623773
202512271700 METAR VASD 271700Z 04005KT 2500 FU NSC 18/10 Q1017 NOSIG=,5,40,KT,271700,2025-12-28 04:04:45.268794
202512271700 METAR VASD 271700Z 04005KT 2500 FU NSC 18/10 Q1017 NOSIG=,5,40,KT,271700,2025-12-28 04:07:30.630499
202512271700 METAR VASD 271700Z 04005KT 2500 FU NSC 18/10 Q1017 NOSIG=,5,40,KT,271700,2025-12-28 04:14:45.986642
202512271700 METAR VASD 271700Z 04005KT 2500 FU NSC 18/10 Q1017 NOSIG=,5,40,KT,271700,2025-12-28 04:50:04.309221
202512271700 METAR VASD 271700Z 04005KT 2500 FU NSC 18/10 Q1017 NOSIG=,5,40,KT,271700,2025-12-28 06:25:10.240558
202512271700 METAR VASD 271700Z 04005KT 2500 FU NSC 18/10 Q1017 NOSIG=,5,40,KT,271700,2025-12-28 07:09:09.782232
202512271700 METAR VASD 271700Z 04005KT 2500 FU NSC 18/10 Q1017 NOSIG=,5,40,KT,271700,2025-12-28 07:53:20.833292
202512271700 METAR VASD 271700Z 04005KT 2500 FU NSC 18/10 Q1017 NOSIG=,5,40,KT,271700,2025-12-28 07:56:06.871703
202512271700 METAR VASD 271700Z 04005KT 2500 FU NSC 18/10 Q1017 NOSIG=,5,40,KT,271700,2025-12-28 08:03:21.863309
202512271700 METAR VASD 271700Z 04005KT 2500 FU NSC 18/10 Q1017 NOSIG=,5,40,KT,271700,2025-12-28 08:06:07.851858
202512271700 METAR VASD 271700Z 04005KT 2500 FU NSC 18/10 Q1017 NOSIG=,5,40,KT,271700,2025-12-28 08:13:22.476227
202512271700 METAR VASD 271700Z 04005KT 2500 FU NSC 18/10 Q1017 NOSIG=,5,40,KT,271700,2025-12-28 08:16:09.093694
202512271700 METAR VASD 271700Z 04005KT 2500 FU NSC 18/10 Q1017 NOSIG=,5,40,KT,271700,2025-12-28 08:23:23.142995
202512271700 METAR VASD 271700Z 04005KT 2500 FU NSC 18/10 Q1017 NOSIG=,5,40,KT,271700,2025-12-28 08:26:10.531448
202512271700 METAR VASD 271700Z 04005KT 2500 FU NSC 18/10 Q1017 NOSIG=,5,40,KT,271700,2025-12-28 08:33:24.134190
202512271700 METAR VASD 271700Z 04005KT 2500 FU NSC 18/10 Q1017 NOSIG=,5,40,KT,271700,2025-12-28 08:36:11.762284
202512271700 METAR VASD 271700Z 04005KT 2500 FU NSC 18/10 Q1017 NOSIG=,5,40,KT,271700,2025-12-28 08:43:24.844030
202512271700 METAR VASD 271700Z 04005KT 2500 FU NSC 18/10 Q1017 NOSIG=,5,40,KT,271700,2025-12-28 08:46:12.823128
202512271700 METAR VASD 271700Z 04005KT 2500 FU NSC 18/10 Q1017 NOSIG=,5,40,KT,271700,2025-12-28 08:53:25.973351
202512271700 METAR VASD 271700Z 04005KT 2500 FU NSC 18/10 Q1017 NOSIG=,5,40,KT,271700,2025-12-28 08:56:13.899780
202512271700 METAR VASD 271700Z 04005KT 2500 FU NSC 18/10 Q1017 NOSIG=,5,40,KT,271700,2025-12-28 09:03:26.848865
202512271700 METAR VASD 271700Z 04005KT 2500 FU NSC 18/10 Q1017 NOSIG=,5,40,KT,271700,2025-12-28 09:06:15.112607
202512271700 METAR VASD 271700Z 04005KT 2500 FU NSC 18/10 Q1017 NOSIG=,5,40,KT,271700,2025-12-28 09:13:31.447284
202512271700 METAR VASD 271700Z 04005KT 2500 FU NSC 18/10 Q1017 NOSIG=,5,40,KT,271700,2025-12-28 09:16:16.076884
202512271700 METAR VASD 271700Z 04005KT 2500 FU NSC 18/10 Q1017 NOSIG=,5,40,KT,271700,2025-12-28 09:23:32.130077
202512271700 METAR VASD 271700Z 04005KT 2500 FU NSC 18/10 Q1017 NOSIG=,5,40,KT,271700,2025-12-28 09:26:17.123373
202512271700 METAR VASD 271700Z 04005KT 2500 FU NSC 18/10 Q1017 NOSIG=,5,40,KT,271700,2025-12-28 09:33:32.929740
202512271700 METAR VASD 271700Z 04005KT 2500 FU NSC 18/10 Q1017 NOSIG=,5,40,KT,271700,2025-12-28 09:36:18.328904
202512271700 METAR VASD 271700Z 04005KT 2500 FU NSC 18/10 Q1017 NOSIG=,5,40,KT,271700,2025-12-28 09:43:33.706017
202512271700 METAR VASD 271700Z 04005KT 2500 FU NSC 18/10 Q1017 NOSIG=,5,40,KT,271700,2025-12-28 09:46:19.368946
202512271700 METAR VASD 271700Z 04005KT 2500 FU NSC 18/10 Q1017 NOSIG=,5,40,KT,271700,2025-12-28 09:53:34.922315
202512271700 METAR VASD 271700Z 04005KT 2500 FU NSC 18/10 Q1017 NOSIG=,5,40,KT,271700,2025-12-28 09:56:20.321491
202512271700 METAR VASD 271700Z 04005KT 2500 FU NSC 18/10 Q1017 NOSIG=,5,40,KT,271700,2025-12-28 10:03:35.585203
202512271700 METAR VASD 271700Z 04005KT 2500 FU NSC 18/10 Q1017 NOSIG=,5,40,KT,271700,2025-12-28 10:06:21.367830
202512271700 METAR VASD 271700Z 04005KT 2500 FU NSC 18/10 Q1017 NOSIG=,5,40,KT,271700,2025-12-28 10:13:36.580848
202512271700 METAR VASD 271700Z 04005KT 2500 FU NSC 18/10 Q1017 NOSIG=,5,40,KT,271700,2025-12-28 10:16:22.344151
202512271700 METAR VASD 271700Z 04005KT 2500 FU NSC 18/10 Q1017 NOSIG=,5,40,KT,271700,2025-12-28 10:23:37.262658
202512271700 METAR VASD 271700Z 04005KT 2500 FU NSC 18/10 Q1017 NOSIG=,5,40,KT,271700,2025-12-28 10:26:23.619975
202512271700 METAR VASD 271700Z 04005KT 2500 FU NSC 18/10 Q1017 NOSIG=,5,40,KT,271700,2025-12-28 10:33:38.843516
202512271700 METAR VASD 271700Z 04005KT 2500 FU NSC 18/10 Q1017 NOSIG=,5,40,KT,271700,2025-12-28 10:36:26.623847
202512271700 METAR VASD 271700Z 04005KT 2500 FU NSC 18/10 Q1017 NOSIG=,5,40,KT,271700,2025-12-28 10:43:39.850956
202512271700 METAR VASD 271700Z 04005KT 2500 FU NSC 18/10 Q1017 NOSIG=,5,40,KT,271700,2025-12-28 10:46:28.017320
202512271700 METAR VASD 271700Z 04005KT 2500 FU NSC 18/10 Q1017 NOSIG=,5,40,KT,271700,2025-12-28 10:53:40.522218
202512271700 METAR VASD 271700Z 04005KT 2500 FU NSC 18/10 Q1017 NOSIG=,5,40,KT,271700,2025-12-28 10:56:29.197124
METAR VASD 280530Z 12004KT 3000 FU NSC 21/10 Q1020 NOSIG,4,120,KT,280530,2025-12-28 11:03:40.921018
METAR VASD 280530Z 12004KT 3000 FU NSC 21/10 Q1020 NOSIG,4,120,KT,280530,2025-12-28 11:06:30.573588
METAR VASD 280530Z 12004KT 3000 FU NSC 21/10 Q1020 NOSIG,4,120,KT,280530,2025-12-28 11:13:41.541783
METAR VASD 280530Z 12004KT 3000 FU NSC 21/10 Q1020 NOSIG,4,120,KT,280530,2025-12-28 11:16:31.178950
METAR VASD 280530Z 12004KT 3000 FU NSC 21/10 Q1020 NOSIG,4,120,KT,280530,2025-12-28 11:23:42.373602
METAR VASD 280530Z 12004KT 3000 FU NSC 21/10 Q1020 NOSIG,4,120,KT,280530,2025-12-28 11:26:31.876001
METAR VASD 280530Z 12004KT 3000 FU NSC 21/10 Q1020 NOSIG,4,120,KT,280530,2025-12-28 11:33:42.773561
METAR VASD 280600Z 12006KT 3000 FU NSC 22/09 Q1019 NOSIG,6,120,KT,280600,2025-12-28 11:36:35.899408
